Keyword,Source,Author,Title,URL,Text,Published
migrant,The Washington Post,"Laura Reiley and Beth Reinhard, The Washington Post",Virus's unseen hotzone: The American farm...,https://www.washingtonpost.com/business/2020/09/24/seasonal-farm-workers-coronavirus/,"In Yakima County, Wash., some fruit orchard owners declined on-site testing of workers by health departments at the height of harvest season even as coronavirus infections spiked. In Monterey, Calif.… [+17549 chars]",2020-09-25T00:40:38Z
migrant,The Washington Post,"Nick Miroff, Devlin Barrett","ICE preparing targeted arrests in ‘sanctuary cities,’ amplifying president’s campaign theme - The Washington Post",https://www.washingtonpost.com/immigration/trump-ice-raids-sanctuary-cities/2020/09/29/99aa17f0-0274-11eb-8879-7663b816bfa5_story.html,"Chad Wolf, acting secretary of the Department of Homeland Security, probably will travel to at least one of the jurisdictions where the operation will take place to boost President Trumps claims that… [+6087 chars]",2020-09-29T22:37:00Z
migrant,The Washington Post,Jennifer Rubin,Here’s what Chris Wallace needs to ask at next week’s debate,https://www.washingtonpost.com/opinions/2020/09/23/heres-what-chris-wallace-needs-ask/,"Trump, who reportedly has not practiced for the debate, may be in for a rude awakening next week. Consider some possible questions for the first three topics (we will do the others on Thursday):
The… [+5141 chars]",2020-09-23T13:45:55Z
migrant,The Washington Post,Philip Rucker,Trump says he misled on virus to instill calm. But he’s governed with scare tactics.,https://www.washingtonpost.com/politics/trump-woodward-coronavirus-panic/2020/09/10/5376cd7c-f375-11ea-999c-67ff7bf6a9d2_story.html,"I dont want to jump up and down and start screaming Death! Death! because thats not what its all about. We have to lead a country, Trump said. He added, There has to be a calmness.
Trump evidently d… [+5738 chars]",2020-09-10T23:37:59Z
migrant,The Washington Post,"Joanna Slater, Kareem Fahim, Katie McQue","Migration, in reverse: Coronavirus forces migrant workers to return home",https://www.washingtonpost.com/graphics/2020/world/coronavirus-migration-trends-gulf-states-india/,"In his long years away from his family, Ramakrishnan Athekkatil often imagined what it would be like to settle down back in India.
He never imagined he would return like this: laid off, in debt and … [+18108 chars]",2020-10-01T15:54:22Z
migrant,The Washington Post,Miriam Berger,"Days after fires destroyed Europe's largest migrant camp, more than 11,500 people are still sleeping outside",https://www.washingtonpost.com/world/2020/09/11/moria-camp-fires-lesbos-greece-refugees-11500-displaced/,"Advocates have called for the immediate relocation of residents to safer accommodations on Greeces mainland or other European countries.
A fire first broke out Tuesday night in the overcrowded and s… [+3720 chars]",2020-09-11T17:57:20Z
migrant,The Washington Post,Regine Cabato,"For Filipino migrant workers, coronavirus dashes their ticket to a better life",https://www.washingtonpost.com/world/asia_pacific/coronavirus-unemployment-philippines-migrant-workers/2020/09/09/37972290-e688-11ea-bf44-0d31c85838a5_story.html,"More than 2 million Filipinos were employed as overseas workers in any given year over the decade preceding the pandemic; their remittances accounted for about 10 percent of the Philippines output.
… [+7083 chars]",2020-09-10T09:00:00Z
migrant,The Washington Post,"Chico Harlan, Elinda Labropoulou","After fire guts Europe's biggest migrant camp, Greece erects tents, other countries offer little",https://www.washingtonpost.com/world/europe/moria-refugee-camp-fire/2020/09/16/0d301a94-f6a4-11ea-85f7-5941188a98cd_story.html,"The new camp sits on a converted military practice range. It consists of hundreds of white tents, arranged in rows in the dirt. People moving in must submit to an immediate coronavirus lockdown.
You… [+5702 chars]",2020-09-16T19:22:24Z
migrant,The Washington Post,Katerina Ang,Singapore — a poster child for globalism — is taking a nativist turn,https://www.washingtonpost.com/world/asia_pacific/singapore-visa-clampdown-coronavirus-foreign-workers/2020/09/18/16b014a2-f3f7-11ea-8025-5d3489768ac8_story.html,"Although officials have condemned the abuse, a thread of nativism has entered mainstream discourse as Singapore, which has ambitions of supplanting politically troubled Hong Kong as Asia's financial … [+6764 chars]",2020-09-20T11:00:00Z
migrant,The Washington Post,Siobhán O'Grady,Outcry after reports Britain considered sending asylum seekers to island in the South Atlantic,https://www.washingtonpost.com/world/2020/09/30/outcry-after-reports-britain-considered-sending-asylum-seekers-island-south-atlantic/,"The British Home Office appears to have since scrapped plans to send asylum seekers to such far-flung locations, the newspaper reported.
But even that the idea had been floated drew ire from opposit… [+3546 chars]",2020-09-30T17:05:27Z
migrant,The Washington Post,"Elinda Labropoulou, Chico Harlan",Greek court convicts far-right party leaders of running a criminal organization,https://www.washingtonpost.com/world/europe/greece-court-extreme-right/2020/10/07/b18261a4-07ea-11eb-8719-0df159d14794_story.html,"The ruling all but cements the fall of Golden Dawn, a party that a decade earlier had grown on the back of Greeces financial and migrant crises and presaged the rise of other, less extreme European n… [+3757 chars]",2020-10-07T11:19:24Z
migrant,The Washington Post,Greg Miller,Allegations of racism have marked Trump’s presidency and become key issue as election nears,https://www.washingtonpost.com/national-security/trump-race-record/2020/09/23/332b0b68-f10f-11ea-b796-2dd09962649c_story.html,"Trumps private musings about Hispanics match the vitriol he has displayed in public, and his antipathy to Africa is so ingrained that when first lady Melania Trump planned a 2018 trip to that contine… [+30767 chars]",2020-09-23T14:29:10Z
migrant,The Washington Post,Claire Parker,Economic fallout from coronavirus leads to surge in Tunisians leaving for Europe,https://www.washingtonpost.com/world/middle-east/coronavirus-tunisia-migrants-italy/2020/09/23/ad4c37cc-fc0f-11ea-b0e4-350e4e60cc91_story.html,"During the first eight months of this year, nearly 8,000 Tunisians crossed the Mediterranean to Italy, six times as many as last year, according to the Office of the U.N. High Commissioner for Refuge… [+8078 chars]",2020-09-24T10:00:00Z
migrant,The Washington Post,Eva Dou,China's mealtime appeal amid food supply worries: Don't take more than you can eat,https://www.washingtonpost.com/world/asia_pacific/china-food-shortage-clean-plate/2020/10/02/578daa0e-0223-11eb-b92e-029676f9ebec_story.html,"The pandemic and extreme weather have disrupted agricultural supply chains, leaving food prices sharply higher in countries as diverse as Yemen, Sudan, Mexico and South Korea. The United Nations warn… [+5817 chars]",2020-10-03T11:00:00Z
migrant,The Washington Post,Miriam Berger,"For binational couples divided by the coronavirus, Croatia offers a rare rendezvous",https://www.washingtonpost.com/world/2020/09/09/croatia-couples-divided-by-coronavirus/,"You ask all of the ambassadors to help you, and everyone says, no, she said, speaking by phone earlier in September from a bar in Zagreb, Croatias capital. It feels like over here that theres no viru… [+5046 chars]",2020-09-09T19:57:20Z
migrant,The Washington Post,Chico Harlan,E.U. proposes immigration deal that would require countries to take a share of asylum-seekers or assist in deportations,https://www.washingtonpost.com/world/europe/eu-proposes-immigration-deal-that-would-require-countries-to-take-a-share-of-asylum-seekers-or-assist-in-deportations/2020/09/23/2b126ef4-fd0c-11ea-b0e4-350e4e60cc91_story.html,"Now, with flows down more than tenfold from that peak, the continent is trying to at last help frontline Mediterranean countries like Greece and Italy, which have carried a disproportionate burden un… [+4584 chars]",2020-09-23T14:22:27Z
migrant,The Washington Post,"Steve Hendrix, Nader Durgham","Fleeing chaos and hardship, Lebanese have begun braving perilous seas",https://www.washingtonpost.com/world/middle_east/lebanon-crisis-migrants-refugees/2020/09/25/246295fc-fe4c-11ea-b0e4-350e4e60cc91_story.html,"But as newcomers to this black-market transport, the Lebanese have encountered a grisly learning curve. Some boats have become lost or caught in storms, requiring rescues at sea. Frantic families hav… [+6936 chars]",2020-09-26T12:00:00Z
migrant,Politico,"By Melanie Zanona, Sarah Ferris and John Bresnahan",‘The hits just keep coming’: Congress stumbles from crisis to crisis,https://www.politico.com/news/2020/09/23/the-curse-of-the-116th-congress-420737,"The hits just keep coming, said Sen. John Cornyn (R-Texas), who said trying to follow the frenetic news cycles has been like drinking out of a water hose.
Just when you think you have it figured out… [+5733 chars]",2020-09-23T22:57:24Z
migrant,Politico,By Rebecca Rainey,Senate sidetracked by Covid-19 cases,https://www.politico.com/newsletters/weekly-shift/2020/10/05/senate-sidetracked-by-covid-19-cases-790809,"Editors Note: Weekly Shift is a weekly version of POLITICO Pros daily Employment &amp; Immigration policy newsletter, Morning Shift. POLITICO Pro is a policy intelligence platform that combines the n… [+10203 chars]",2020-10-05T14:00:10Z
migrant,The Wall Street Journal,"Natalie Andrews, Michelle Hackman",U.S. Opens Investigation Into Claims of Forced Hysterectomies on Detained Migrants - The Wall Street Journal,https://www.wsj.com/articles/lawmakers-seek-investigation-into-allegations-of-mass-hysterectomies-on-detained-migrants-11600291610,WASHINGTONThe Department of Homeland Securitys internal watchdog has opened an investigation into a whistleblowers allegations of coerced hysterectomies being performed on migrant women held at a Geo… [+147 chars],2020-09-16T23:23:00Z
migrant,NBC News,Didi Martinez and Gabe Gutierrez and Christine Romo and Nicole Suarez,From the fields to the classroom: Inside the lives of U.S. agriculture's youngest workers,https://www.nbcnews.com/news/education/fields-classroom-inside-lives-u-s-agriculture-s-youngest-workers-n1240159,"Migrant and seasonal child laborers run the risk of being overlooked by the education system, several educators told NBC News. However, there are also people at the state and federal level working to… [+4242 chars]",2020-09-22T12:00:21Z
migrant,NBC News,The Associated Press,"Guatemala says it will detain, return new migrant caravan from Honduras",https://www.nbcnews.com/news/latino/guatemala-says-it-will-detain-return-new-migrant-caravan-honduras-n1241811,"MORALES, GuatemalaGuatemala vowed to detain and return members of a new caravan of about 2,000 migrants that set out from neighboring Honduras in hopes of reaching the United States, saying they repr… [+6036 chars]",2020-10-02T13:47:09Z
migrant,NBC News,NBCNews.com,Thousands protest on Greek island Lesbos after migrant camp destroyed by fire,https://www.nbcnews.com/video/thousands-protest-on-greek-island-lesbos-after-migrant-camp-destroyed-by-fire-91542597815,,2020-09-11T17:29:03Z
migrant,NBC News,The Associated Press,"Despite coronavirus impact, U.S. Mexican workers send big amounts of money back home",https://www.nbcnews.com/news/latino/despite-coronavirus-impact-u-s-mexican-workers-send-big-amounts-n1241794,"The coronavirus pandemic stopped work for nearly a month at the California farm where Luis earns $80 a day picking tomatoes, but that didnt stop him from sending $800 to family in Mexico.
The money … [+5491 chars]",2020-10-02T12:36:32Z
migrant,NBC News,The Associated Press,Venezuelans start fleeing country again after months of Covid lockdowns,https://www.nbcnews.com/news/latino/venezuelans-start-fleeing-country-again-after-months-covid-lockdowns-n1242712,"PAMPLONA, Colombia Eleazar Hernández slept on a sidewalk amid a light drizzle, temperatures that dipped close to freezing and the roar of passing trucks.
The 23-year-old Venezuelan migrant was tryin… [+4894 chars]",2020-10-09T14:59:05Z
migrant,NBC News,Patrice Gaines,How this artist turned a lynching tree into guitars,https://www.nbcnews.com/news/nbcblk/why-artist-built-guitars-out-tree-was-once-used-lynching-n1242580,"The creative process begins as soon as Freeman Vines touches the wood.
""Nobody believes me. The wood actually lives. Each wood has an inner spirit, and if you listen you will find some magnificent s… [+5754 chars]",2020-10-08T09:00:16Z
migrant,NBC News,Julia Ainsley,DHS awarded $6 million in contracts to firm where Acting Secretary Wolf's wife is executive,https://www.nbcnews.com/politics/national-security/dhs-awarded-6-million-contracts-firm-where-acting-secretary-wolf-n1240773,WASHINGTON The consulting firm where the wife of acting Homeland Security Secretary Chad Wolf is an executive has been awarded more than $6 million in contracts from the Department of Homeland Securi… [+2385 chars],2020-09-23T10:00:26Z
migrant,NBC News,Julia Ainsley,Democrats demand answers from Azar after NBC News report on family separation vote,https://www.nbcnews.com/politics/immigration/democrats-demand-answers-azar-after-nbc-news-report-family-separation-n1240335,A congressional committee is asking for answers from Health and Human Services Secretary Alex Azar following NBC News reporting that he and other Trump administration officials were invited to a May … [+2882 chars],2020-09-17T18:36:09Z
migrant,NBC News,Raul A. Reyes,Resilience amid violence: Author digs into El Salvador's and his family's past,https://www.nbcnews.com/news/latino/unforgetting-roberto-lovato-traces-el-salvador-s-his-family-s-n1240468,"The drawing that the child migrant showed the journalist Roberto Lovato featured turquoise clouds, stick people and a big white moon.
Here is how I hope we can live here, said David, a 6-year-old in… [+6672 chars]",2020-09-23T19:35:00Z
migrant,NBC News,Julia Ainsley and Jacob Soboroff,Officials said in 2017 that separated migrants under 12 couldn't find parents again on their own,https://www.nbcnews.com/politics/immigration/officials-said-2017-separated-migrants-under-12-couldn-t-find-n1242439,"WASHINGTON Federal prosecutors who ran a 2017 ""pilot"" program for migrant family separation determined that children younger than 12 should not be separated because most could not find their way back… [+5226 chars]",2020-10-09T09:00:04Z
migrant,NBC News,Daniella Silva,Acting DHS secretary calls claims of manipulating intelligence reports 'patently false',https://www.nbcnews.com/news/us-news/acting-dhs-secretary-chad-wolf-calls-whistleblower-claims-manipulating-intelligence-n1240864,"Acting Homeland Security Secretary Chad Wolf faced a range of tough allegations Wednesday before a Senate panel on how the department handled intelligence assessments, a contract awarded to his wifes… [+4609 chars]",2020-09-23T19:48:05Z
migrant,MSNBC,MSNBC.com,"Whistleblower alleges hysterectomies, abuse of detained migrant women",https://www.msnbc.com/msnbc/watch/whistleblower-alleges-hysterectomies-abuse-of-detained-migrant-women-91869765816,,2020-09-16T10:55:39Z
migrant,MSNBC,MSNBC.com,Officials in 2017: Migrant children under 12 can't find their parents if separated,https://www.msnbc.com/msnbc/watch/officials-in-2017-migrant-children-under-12-can-t-find-their-parents-if-separated-93520453978,,2020-10-09T15:29:16Z
migrant,Fox News,Brie Stimson,Hondurans in migrant caravan bused back after entering Guatemala,https://www.foxnews.com/world/hondurans-in-migrant-caravan-bused-back-after-entering-guatemala,"Hundreds of Honduranmigrants bound for the U.S. were bused back to their homeland by Saturday morning after illegally entering Guatemala.
The group of mostly young men and some small children were m… [+3537 chars]",2020-10-04T10:02:30Z
migrant,Fox News,Madeline Farber,Coronavirus outbreak at Vermont apple orchard sickens dozens of migrant workers,https://www.foxnews.com/health/coronavirus-outbreak-vermont-apple-orchard-sickens-workers,"An outbreak of the novel coronavirus at an apple orchard in Vermont has sickened dozens, according to a local report.
The outbreak has been reported among migrant workers at Champlain Orchards, an a… [+1720 chars]",2020-10-07T17:56:42Z
migrant,Fox News,Madeline Farber,"Coronavirus cases linked to beer fest in North Carolina, attendees urged to get tested",https://www.foxnews.com/health/coronavirus-cases-beer-fest-north-carolina,"Attendees of a recent beer fest in North Carolina should consider getting tested for COVID-19 after at least two coronavirus cases were connected to the event, according to a local report.
Those who… [+1342 chars]",2020-10-07T19:11:47Z
migrant,Fox News,Benjamin Weinthal,Is Qatar lying about its COVID-19 outbreak to avoid jeopardizing its hosting of the World Cup?,https://www.foxnews.com/world/qatar-coronavirus-outbreak-world-cup,EXCLUSIVE -- The demands to relocate the 2020 Men’s FIFA World Cup tournament from Qatar to another country are being reignited amid a report obtained exclusively by Fox News that casts doubts on the… [+7615 chars],2020-10-04T13:19:01Z
migrant,Fox News,Kayla Rivas,HIV drug combination ineffective as coronavirus treatment: study,https://www.foxnews.com/health/hiv-drug-combo-ineffective-coronavirus-treatment-study,"An HIV drug combination was found to be ineffective in treating hospitalized coronavirus patients, according to a new study.
In a large, randomized trial in the U.K., researchers saw no significant … [+2610 chars]",2020-10-07T20:00:11Z
migrant,Fox News,Madeline Farber,"Having a baby later in life may increase longevity, study suggests",https://www.foxnews.com/health/women-having-baby-later-in-life-longevity-study,"Women who have kids later on in life may live longer, according to the findings of a recent study.
Following the birth of a woman’s last child, certain measurements may be linked with her projected … [+2182 chars]",2020-10-08T16:55:22Z
migrant,Fox News,Nick Givas,"Rep. Ken Buck accuses Colorado secretary of state of sending voter registration cards to non-citizens and dead people, calls for probe",https://www.foxnews.com/politics/rep-ken-buck-accuses-colorado-secretary-of-state-of-sending-voter-registration-postcards-to-non-citizens-dead-people-in-letter-to-doj,"Rep. Ken Buck, R-Colo., sent a letter to the Department of Justice (DOJ) and the Federal Election Commission (FEC) on Wednesday, asking them to look into the Colorado secretary of state's efforts to … [+3797 chars]",2020-09-30T20:09:05Z
migrant,Fox News,Louis Casiano,Nevada judge clears way for trial of undocumented immigrant in four 2019 homicides,https://www.foxnews.com/us/nevada-trial-undocumented-immigrant-2019-homicides,"A Nevada judge has cleared the way for an undocumented immigrant accused of killing four people during a six-day crime spree in 2019 to face trial.
However, lawyers for Wilber Martinez-Guzman will g… [+2632 chars]",2020-09-11T23:33:03Z
migrant,Fox News,Adam Shaw,DHS chief Wolf says border crossers now are mostly single adults coming for economic reasons,https://www.foxnews.com/politics/dhs-chief-wolf-border-crossers-single-adults,Acting Homeland Security Secretary Chad Wolf on Wednesday told lawmakers that the makeup of those attempting to cross the border illegally has changed drastically in the last year -- from family unit… [+3033 chars],2020-09-23T19:34:03Z
migrant,Fox News,Daisy Nguyen,"California braces for power shutoffs and warm, windy weekend",https://www.foxnews.com/us/california-braces-for-power-shutoffs-and-warm-windy-weekend,"SAN FRANCISCO (AP) — Firefighters and officials at California's largest utility company braced for hot, dry and windy weather in northern and central areas of the state this weekend that may fan the … [+5991 chars]",2020-09-26T17:41:59Z
migrant,Fox News,Hunter Davis,"Amid coronavirus pandemic, Texas border agents see human smuggling on the rise",https://www.foxnews.com/us/coronavirus-pandemic-texas-border-patrol-human-smuggling,"LAREDO, Texas -- The Laredo Border Sector is reporting a rise in commercial trade due to the COVID-19 pandemic, but that’s not all. Customs and Border Protection [CBP] agents are also battling an upt… [+4070 chars]",2020-09-18T21:31:33Z
migrant,Fox News,"Bill Mears, Evie Fordham","Supreme Court's first week without Ginsburg includes coronavirus, 'Remain in Mexico,' revenge porn cases",https://www.foxnews.com/politics/supreme-court-conference-docket-recess,The Supreme Court returned from its summer recess on Tuesday when the justices were scheduled to meet remotely in a private conference to consider pending appeals that have been piling up for nearly … [+3758 chars],2020-09-29T17:41:39Z
migrant,Fox News,Greg Norman,"Migrant caravan of 2,000 Hondurans heading to US despite COVID-19 threat",https://www.foxnews.com/world/new-migrant-caravan-of-2000-hondurans-heading-toward-us-despite-threat-of-coronavirus-detentions,"A migrant caravan of about 2,000 Hondurans is now passing though Guatemala in hopes of reaching the U.S.-Mexico border, despite the risks posed by the coronavirus pandemic and threats from the countr… [+3626 chars]",2020-10-02T13:08:12Z
migrant,CBS News,Camilo Montoya-Galvez,U.S. stops holding migrant children in hotels,https://www.cbsnews.com/news/u-s-stops-holding-migrant-children-in-hotels-but-says-they-can-still-be-expelled/,"The Trump administration has quietly stopped its controversial practice of holding migrant children in hotels before expelling them from the southern border, though it says these minors can still be … [+8441 chars]",2020-10-01T23:41:05Z
migrant,CBS News,Camilo Montoya-Galvez,15-year-old girl facing deportation after hospital arrest,https://www.cbsnews.com/news/15-year-old-girl-who-spent-her-life-in-the-u-s-facing-deportation-after-hospital-arrest/,A 15-year-old girl who has lived in the U.S. with her family since she was an infant is now alone in government custody and facing deportation after she was arrested by Customs and Border Protection … [+3522 chars],2020-09-26T03:04:21Z
migrant,CBS News,Camilo Montoya-Galvez,"8,800 migrant kids have been expelled under pandemic border policy",https://www.cbsnews.com/news/8800-migrant-children-have-been-expelled-under-pandemic-border-policy-per-court-documents/,"At least 8,800 migrant children who arrived at the southern border without their parents have been swiftly expelled from the country and denied U.S. refuge during the pandemic under an emergency poli… [+3678 chars]",2020-09-11T21:01:08Z
migrant,CBS News,Christopher Brito,"Melania Trump takes aim at critics, migrant children in secret recordings",https://www.cbsnews.com/news/melania-trump-audio-recording-migrant-children-christmas/,"First Lady Melania Trump downplayed her husband, President Trump's family separation policy and complained about Christmas planning in an expletive-filled secret recording aired by CNN. 
The leaked … [+3785 chars]",2020-10-02T18:09:14Z
migrant,CBS News,CBS News,Guatemala turns around U.S.-bound migrant caravan from Honduras,https://www.cbsnews.com/news/migrant-caravan-guatemala-us-bound-migrants-from-honduras-stopped-covid-19/,"Guatemala City — Guatemala has sent back almost 3,500 Honduran migrants from a caravan that was heading to the United States over concerns they might spread COVID-19, President Alejandro Giammattei s… [+2285 chars]",2020-10-05T13:35:50Z
migrant,CBS News,CBS News,"Nearly 9,000 migrant children expelled from U.S. amid pandemic",https://www.cbsnews.com/video/nearly-9000-migrant-children-expelled-from-u-s-amid-pandemic/,"Watch CBSN Live
Copyright © 2020 CBS Interactive Inc. All rights reserved.",2020-09-14T20:50:02Z
migrant,CBS News,CBS News,Appeals court upholds ban on holding migrant kids in hotels,https://www.cbsnews.com/news/appeals-court-upholds-ban-on-holding-immigrant-children-in-hotels/,Houston — An appeals court refused Sunday to allow the Trump administration to resume detaining immigrant children in hotel rooms before expelling them under rules adopted during the coronavirus pand… [+3592 chars],2020-10-05T09:18:46Z
migrant,CBS News,CBS News,Migrant caravan sets off from Honduras with eyes on U.S. border,https://www.cbsnews.com/news/migrant-caravan-sets-off-honduras-guatamala-mexico-eyes-on-us-border-immigration/,"San Pedro Sula, Honduras — Hundreds of migrants began walking Wednesday night from this city in northern Honduras toward the Guatemala border, testing a well-trod migration route now in times of the … [+4806 chars]",2020-10-01T07:40:43Z
migrant,CBS News,CBS News,Greek court rules far-right party operated as a criminal organization,https://www.cbsnews.com/news/greece-court-verdict-far-right-golden-dawn-party-criminal-organization-murder-rapper-anti-fascist/,"Presiding judge Maria Lepenioti attends a trial of leaders and members of the Golden Dawn far-right party in a court in Athens, Greece, October 7, 2020.
ALKIS KONSTANTINIDIS/REUTERS
Athens, Greece … [+5079 chars]",2020-10-07T09:47:27Z
migrant,CBS News,CBS News,Greek court rules far-right party operated as a criminal organization,https://www.cbsnews.com/news/golden-dawn-greek-neo-nazi-party-criminal-organization-murder/,"Presiding judge Maria Lepenioti attends a trial of leaders and members of the Golden Dawn far-right party in a court in Athens, Greece, October 7, 2020.
ALKIS KONSTANTINIDIS/REUTERS
Athens, Greece … [+5079 chars]",2020-10-07T12:11:02Z
migrant,CBS News,CBS News,Thousands spend another night in the open after fires destroy refugee camp,https://www.cbsnews.com/news/moria-camp-lesbos-greece-thousands-homeless/,"Thousands of asylum-seekers have spent a fourth night sleeping in the open on the Greek island of Lesbos, after successive fires destroyed a notoriously overcrowded migrant and refugee camp during a … [+3700 chars]",2020-09-12T14:14:49Z
migrant,CBS News,Kathryn Watson,Incumbent Trump banks on fear and anxiety to motivate voters,https://www.cbsnews.com/news/trumps-use-of-fear-and-anxiety-to-motivate-his-voters/,"President Trump's central reelection campaign theme was perhaps most simply expressed in a remark in his acceptance speech at the Republican National Convention: ""No one will be safe in Biden's Ameri… [+8681 chars]",2020-09-29T12:57:57Z
migrant,CBS News,Camilo Montoya-Galvez,Trump-Biden race to dictate fate of U.S. immigration for generations,https://www.cbsnews.com/news/trump-biden-2020-immigration-policies/,"The 2020 presidential election will pit two drastically different visions on immigration against each other, with the victor retaining or assuming broad executive authorities that have dominated poli… [+17636 chars]",2020-09-28T20:00:05Z
migrant,CBS News,Camilo Montoya-Galvez,"ICE billboards of immigrants denounced as ""wildly inappropriate""",https://www.cbsnews.com/news/ice-billboards-immigrants-pennsylvania-criticism-former-officials/,"Former U.S. Department of Homeland Security (DHS) officials criticized the Trump administration for erecting billboards of immigrants it seeks to arrest in a key 2020 battleground state, saying the p… [+8044 chars]",2020-10-05T14:00:01Z
migrant,CBS News,Caitlin Conant,2020 Daily Trail Markers: Debate prep is in full swing for Trump and Biden,https://www.cbsnews.com/news/2020-daily-trail-markers-debate-prep-is-in-full-swing-for-trump-and-biden-2020-09-28/,Debate preparation is in full swing for President Trump and Joe Biden ahead of their first debate matchup on Tuesday evening. Mr. Trump has dispensed with traditional formal rehearsals and scripted p… [+22896 chars],2020-09-29T00:16:59Z
migrant,CBS News,CBS News,"Mexico asks U.S. to ""clarify"" alleged hysterectomies on migrant women in ICE custody",https://www.cbsnews.com/news/mexico-asks-us-to-clarify-alleged-hysterectomies-on-migrant-women-in-ice-custody/,"Mexico City — Mexico said Monday it had requested more information from the U.S. on medical procedures given to migrants in detention centers, after allegations that detained Mexican women were steri… [+2968 chars]",2020-09-29T09:12:14Z
migrant,Breitbart News,"Bob Price, 
Bob Price",GRAPHIC: Female Migrant Found Dead on Texas Ranch -- 80 Miles from Border,https://www.breitbart.com/border/2020/09/16/graphic-female-migrant-found-dead-on-texas-ranch-80-miles-from-border/,"A Brooks County, Texas, sheriff’s deputy recovered the recently deceased body of a young migrant woman who died after being abandoned by smugglers. The death occurred on a ranch located south of the … [+2814 chars]",2020-09-16T21:19:31Z
migrant,Breitbart News,"Kurt Zindulka, 
Kurt Zindulka",Farage Predicts the Future! Hundreds of Illegal Boat Migrants Cross the Channel,https://www.breitbart.com/europe/2020/09/22/farage-predicts-the-future-as-hundreds-of-illegal-boat-migrants-cross-the-channel/,"Brexit Party Leader Nigel Farage was proven right in his prediction that hundreds of illegal boat migrants would make the journey across the English Channel from France on Tuesday, as massive numbers… [+2447 chars]",2020-09-22T17:23:22Z
migrant,Breitbart News,"Chris Tomlinson, 
Chris Tomlinson",Greek Police Investigation Into Suspicious Fires Near Turkish Border,https://www.breitbart.com/europe/2020/09/20/greek-police-launch-investigation-suspicious-fires-turkish-border-area/,"Greece’s police and fire service have launched an investigation after at least 15 fires broke out in just 48 hours in the Evros border area with Turkey.
The investigation comes as a massive fire rag… [+2163 chars]",2020-09-20T08:38:16Z
migrant,Breitbart News,"Chris Tomlinson, 
Chris Tomlinson","Paris Region Arrests Over 6,300 Underage Migrants in 2020",https://www.breitbart.com/europe/2020/10/01/paris-region-arrests-over-6300-underage-migrants-in-2020/,"The Paris region of Ile-de-France has seen a surge in the number of arrests of underage unaccompanied migrants, with 2020 seeing over 6,300 arrests so far this year.
According to the Paris prefectur… [+2670 chars]",2020-10-01T14:06:39Z
migrant,Breitbart News,"John Binder, 
John Binder","First Lady Melania Trump Rips the Media, Liberals in Leaked Tapes",https://www.breitbart.com/politics/2020/10/01/melania-trump-rips-media-liberals-leaked-tapes/,"First Lady Melania Trump ripped the establishment media and liberals for their treatment of her in July 2018, secretly recorded phone calls by a former friend reveal.
On Thursday evening, CNN’s Ande… [+5142 chars]",2020-10-02T03:56:25Z
migrant,Breitbart News,"Neil Munro, 
Neil Munro",Presidential Debates Ignore '2000-Lb Elephant' of Immigration,https://www.breitbart.com/politics/2020/10/09/presidential-debates-ignore-2000-lb-elephant-immigration/,"The first Presidential debate and the Vice Presidential debates avoided any mention of the hot-button, trillion-dollar immigration issue that got Donald Trump elected in 2016.
“I’m consistently surp… [+4609 chars]",2020-10-09T16:48:35Z
migrant,Breitbart News,Mike Rivero,Hungary Strikes Back Against E.U. ‘Open Borders’ Propaganda,https://www.breitbart.com/immigration/2020/09/15/hungary-strikes-back-against-e-u-open-borders-propaganda/,"ROME The Hungarian government has rejected new calls for open borders, insisting on the right of sovereign states to control their own borders.
Government spokesman Zoltan Kovacs responded sharply t… [+3933 chars]",2020-09-16T12:39:52Z
migrant,Breitbart News,Kurt Zindulka,"Second UK Military Migrant Camp Set to Open in Wales, as Migrant Crisis Grows",https://www.breitbart.com/europe/2020/09/17/second-uk-military-migrant-camp-set-up-wales-migrant-crisis-grows/,"The British government is “actively” considering opening a second migrant camp to house some 250 alleged asylum seekers in Wales, as the illegal boat migration crisis in the UK deepens.
Following th… [+3375 chars]",2020-09-17T15:29:18Z
migrant,Breitbart News,Kurt Zindulka,‘We Have Space’ Thousands of Germans Protest For MORE Migrants After Moria Camp Fire,https://www.breitbart.com/europe/2020/09/21/we-have-space-thousands-of-germans-protest-for-more-migrants-after-moria-camp-fire/,"Thousands of protesters took to the streets of Germany on Sunday to demand that the government take in more migrants following the fire that destroyed the Moria migrant camp in Greece.
In Berlin, ar… [+2848 chars]",2020-09-21T16:43:27Z
migrant,Breitbart News,Chris Tomlinson,Iraqi Migrants Accused of Dragging Women into a Car And Raping Them,https://www.breitbart.com/europe/2020/09/27/iraqi-migrants-accused-dragging-women-car-raping-them/,"Two Iraqi migrant brothers are on trial in a Berlin court after being accused of dragging young women into an SUV and then raping them for hours.
The brothers, 33-year-old Wisam and 25-year-old Karr… [+1994 chars]",2020-09-27T07:37:46Z
migrant,Breitbart News,Bob Price,42 Migrants Found in Horse Trailer near Inland Texas Checkpoint,https://www.breitbart.com/border/2020/09/14/42-migrants-found-in-horse-trailer-near-inland-texas-checkpoint/,Laredo Sector Border Patrol agents disrupted a human smuggling attempt after finding a migrant-filled horse trailer. The driver allegedly attempted to sneak around an interior immigration checkpoint.… [+2702 chars],2020-09-14T15:33:19Z
migrant,Breitbart News,Neil Munro,Donald Trump’s Judges Fill Immigration Courts,https://www.breitbart.com/economy/2020/09/14/donald-trumps-judges-fill-immigration-courts/,"Judges appointed by President Donald Trump’s deputies are filling up the immigration courts, and they have reversed the anti-deportation trend caused by President Barack Obama’s judges.
“Nearly two-… [+4231 chars]",2020-09-14T19:35:17Z
migrant,Breitbart News,Jack Montgomery,Leftists Protest New Migrant Camps – Want Even More Generous Housing for Illegals,https://www.breitbart.com/europe/2020/09/22/leftists-protest-new-migrant-camps-want-illegals-get-more-generous-housing/,"Leftist campaigners protest plans to establish migrant camps in Wales — because they want them to receive more luxurious housing, free education, and paying jobs instead.
The Penally Army Centre nea… [+2801 chars]",2020-09-22T13:05:09Z
migrant,Breitbart News,Breitbart London,"Driver Killed, Nine Injured After Suspected Migrant Smuggler’s Car Crash",https://www.breitbart.com/europe/2020/10/09/driver-killed-nine-injured-after-suspected-migrant-smugglers-car-crash/,"THESSALONIKI, Greece (AP) – A car involved in suspected migrant trafficking has crashed in northern Greece leaving the driver dead and all nine passengers injured, police said Friday.
Police said th… [+1021 chars]",2020-10-09T14:14:06Z
migrant,Breitbart News,Victoria Friedman,Farage Watched French Warship Escort Migrant Boat into British Waters,https://www.breitbart.com/europe/2020/09/16/farage-watched-french-warships-escort-migrants-british-waters-hour/,"Nigel Farage reported from the English Channel on Wednesday that French authorities continue to escort boats full of illegal aliens into British waters, despite UK government claims that France is do… [+3371 chars]",2020-09-16T11:45:27Z
migrant,Breitbart News,Chris Tomlinson,Pakistani Migrant Paris Attacker Revealed to Be 25 Not 18,https://www.breitbart.com/europe/2020/09/29/pakistani-migrant-paris-attacker-revealed-to-be-25-not-18/,Paris investigators have revealed that the Pakistani migrant who attacked and injured two people outside of the former office of magazine Charlie Hebdo is actually 25 and not 18 as he had previously … [+2380 chars],2020-09-29T09:05:19Z
migrant,Breitbart News,Neil Munro,Democrats Demand Investigation of ‘Mass Hysterectomies’ of Migrant Women,https://www.breitbart.com/2020-election/2020/09/16/democrats-demand-investigation-mass-hysterectomies-migrant-women/,Democrats are pushing for an investigation into the dramatic charge that a contract doctor secretly removed the uteruses of migrant women who were detained at a privately-run detention center in Geor… [+6739 chars],2020-09-16T18:56:36Z
migrant,Breitbart News,Chris Tomlinson,French Police Catch Pregnant 13-Year-Old Migrant Pickpocket,https://www.breitbart.com/europe/2020/09/13/french-police-catch-pregnant-13-year-old-migrant-pickpocket/,"French police in the city of Montpellier arrested a 13-year-old Bosnian migrant girl for pickpocketing and found that the young girl was also eight and a half months pregnant.
The young girl was arr… [+2185 chars]",2020-09-13T13:47:40Z
migrant,Breitbart News,Chris Tomlinson,Populist Salvini Physically Attacked by Leftist Migrant in Tuscany,https://www.breitbart.com/europe/2020/09/11/salvini-physically-attacked-by-leftist-migrant-in-tuscany/,"Populist Italian Senator Matteo Salvini was the victim of a physical attack, reportedly by a politically left-wing migrant during a campaign event ahead of the regional elections in the traditional l… [+2188 chars]",2020-09-11T12:00:40Z
migrant,Breitbart News,Chris Tomlinson,Underage Afghan Migrants Arrested for Moria Migrant Camp Arson,https://www.breitbart.com/europe/2020/09/16/underage-afghan-migrants-arrested-moria-migrant-camp-arson/,"Greek police have arrested five migrants, including two underage Afghans, in connection to the alleged arson of the Moria migrant camp which has left more than 13,000 people homeless.
Since the fire… [+2382 chars]",2020-09-16T10:36:45Z
migrant,Breitbart News,Chris Tomlinson,Over 100 Migrants Jump Overboard from NGO Vessel to Reach Italy,https://www.breitbart.com/europe/2020/09/20/over-100-migrants-jump-overboard-from-ngo-vessel-to-reach-italy/,"Nearly half the migrants aboard a Spanish migrant transport NGO vessel stuck off the coast of Sicily by Italian authorities jumped overboard in a bid to reach Italian shores.
The Spanish NGO Open Ar… [+2460 chars]",2020-09-20T17:46:43Z
migrant,Breitbart News,Chris Tomlinson,Confession: Pakistani Migrant Stabbed German Teen in Plot to Avoid Getting Deported,https://www.breitbart.com/europe/2020/09/16/pakistani-migrant-stabs-german-teen-plan-avoid-deportation/,"A 19-year-old German was stabbed at random on a tram in the city of Cottbus by a Pakistani migrant who later told officials he stabbed him to stay in the country.
The attack took place in the early … [+1983 chars]",2020-09-16T09:19:36Z
migrant,Breitbart News,Bob Price,GRAPHIC: Migrant’s Decaying Body Found on Texas Ranch 80 miles from Border,https://www.breitbart.com/border/2020/09/26/graphic-migrants-decaying-body-found-on-texas-ranch-80-miles-from-border/,"A Texas deputy and Border Patrol agents recovered the partially decayed body of a migrant who died after being abandoned on a ranch located about 80 miles north of the Texas-Mexico border.
Brooks Co… [+2535 chars]",2020-09-26T19:10:51Z
migrant,Breitbart News,Kurt Zindulka,‘We Wish We Stayed in France’: Sudanese Illegal Migrants Complain About Conditions in UK Camp,https://www.breitbart.com/europe/2020/09/28/we-wish-we-stayed-france-illegal-migrants-complain-conditions-uk-camp/,"A group of illegal migrants have spoken publicly to complain about the conditions in the recently opened migrant camp in Folkestone, Kent, claiming that the supposedly poor conditions make them regre… [+3730 chars]",2020-09-28T11:00:31Z
migrant,Breitbart News,Chris Tomlinson,Majority of Germans Fear Taking Migrants from Greece Will Trigger New Migrant Wave,https://www.breitbart.com/europe/2020/09/20/majority-of-germans-fear-taking-migrants-from-greece-will-trigger-new-migrant-wave/,"A majority of Germans have expressed concern that the German government taking in large numbers of migrants from Greece after the Moria migrant camp fire could trigger a new wave of migration.
The G… [+1854 chars]",2020-09-20T16:39:17Z
migrant,Breitbart News,Chris Tomlinson,Migrant Under Deportation Order Turns Himself in After Murder of Priest,https://www.breitbart.com/europe/2020/09/17/migrant-deportation-order-turns-himself-murder-priest/,"A homeless illegal migrant from Tunisia has turned himself in after the brutal murder of priest Roberto Malgesini, who was killed in a public square in the city of Como.
The alleged murder took plac… [+2228 chars]",2020-09-17T08:47:29Z
migrant,Breitbart News,Neil Munro,NYT: Elites ‘Ghost’ Their Illegal Migrants in Coronavirus Crash,https://www.breitbart.com/economy/2020/09/21/nyt-elites-ghost-their-illegal-migrants-in-coronavirus-crash/,"Wealthy Americans have quietly fired and discarded many of their illegal migrant house cleaners since the coronavirus economic crash, often without warning or compensation, says the New York Times:
… [+6298 chars]",2020-09-21T23:31:15Z
migrant,Breitbart News,Bob Price,Migrants Lost in Arizona Mountains Rescued by CBP Helicopter Crews,https://www.breitbart.com/border/2020/09/29/migrants-lost-in-arizona-mountains-rescued-by-cbp-helicopter-crews/,"Tucson Branch Air and Marine Operations aircrews carried out two rescues in recent days after migrants became lost in the Baboquivari Peak Wilderness area in Arizona.
U.S. Customs and Border Protect… [+2441 chars]",2020-09-29T15:20:45Z
migrant,Breitbart News,Chris Tomlinson,Greek Minister Claims Closed Borders Have Cost People Traffickers €100 Million,https://www.breitbart.com/europe/2020/09/18/greek-minister-closed-borders-cost-people-traffickers-100-million/,"Greek Minister for Migration and Asylum Notis Mitarakis has claimed that people traffickers have lost as much as 100 million due to the reduction in migrants flowing into Greece.
The Migration and A… [+2216 chars]",2020-09-18T14:20:18Z
migrant,Breitbart News,Ildefonso Ortiz,Mexico’s President Suggests New Migrant Caravan Timed to Influence U.S. Presidential Election,https://www.breitbart.com/border/2020/10/02/mexicos-president-suggests-new-migrant-caravan-timed-to-influence-u-s-presidential-election/,Mexicos President said the newly formed Central American migrant caravan appears to be a politically motivated development shortly before the U.S. presidential election. The bombshell allegation come… [+1874 chars],2020-10-02T20:06:47Z
migrant,Breitbart News,Bob Price,"Lost Migrant Starts Fire in California, 13 More Rescued from Heatwave",https://www.breitbart.com/border/2020/09/10/lost-migrant-starts-fire-in-california-13-more-rescued-from-heatwave/,San Diego Sector Border Patrol agents rescued 14 migrants over the Labor Day weekend. The rescues led to eight of the 14 being transported to hospitals due to heat-related illnesses. One admitted to … [+2662 chars],2020-09-10T15:51:12Z
migrant,Breitbart News,Chris Tomlinson,"EU Considers Scrapping Dublin Asylum Agreement, New Measures Could Force Migrant Redistribution",https://www.breitbart.com/europe/2020/09/17/eu-considers-scrapping-dublin-asylum-agreement-new-measures-could-force-migrant-redistribution/,"European Commission President Ursula von der Leyen has proposed abolishing current European Union asylum rules, suggesting new measures could force member states to take migrants through a “new stron… [+1891 chars]",2020-09-17T14:49:13Z
migrant,Breitbart News,Chris Tomlinson,Bosnian Regional PM Calls on Italy to Help Stop Migrant Surge,https://www.breitbart.com/europe/2020/09/13/bosnian-regional-pm-calls-on-italy-to-help-stop-migrant-surge/,"Mustafa Runi, Prime Minister of the canton of Una Sana in Bosnia-Herzegovina, has called on Italy to help stop the flow of migrants in the Balkans as tens of thousands continue to pass through.
Una … [+2269 chars]",2020-09-13T11:17:00Z
migrant,Breitbart News,Victoria Friedman,Farage Watched French Navy Abandon Struggling Migrant Vessel in English Channel,https://www.breitbart.com/europe/2020/09/17/farage-watched-french-abandon-struggling-migrant-vessel-channel/,"Nigel Farage, a Telegraph journalist, and a fishing boat captain were witnesses to the French Navy escorting into British waters a vessel full of migrants bailing water and return to France without t… [+5142 chars]",2020-09-17T15:50:56Z
migrant,Breitbart News,Chris Tomlinson,Paris to Open Migrant Reception Centre in Historic Former Town Hall,https://www.breitbart.com/europe/2020/10/08/paris-to-open-migrant-reception-centre-historic-former-town-hall/,"The Paris city government has announced it will be transforming the historic former town hall in the city’s 1st arrondissement into a reception centre for asylum seekers and migrants.
Paris Mayor An… [+2021 chars]",2020-10-08T08:42:27Z
migrant,Breitbart News,Chris Tomlinson,Father of Paris Charlie Hebdo Attacker Claims To Be ‘Proud’ Of His Actions,https://www.breitbart.com/europe/2020/09/30/father-of-paris-charlie-hebdo-attacker-claims-to-be-proud-of-his-actions/,"The father of the Pakistan migrant arrested for stabbing two people outside of the former offices of satirical French magazine Charlie Hebdo, claims to be “proud” of his son’s actions
The father of … [+2269 chars]",2020-09-30T16:09:42Z
migrant,Breitbart News,Kurt Zindulka,‘Will Anybody Lift A Finger?’ Farage Predicts Hundreds of Boat Migrants Will Set Off on Tuesday,https://www.breitbart.com/europe/2020/09/21/will-anybody-lift-a-finger-farage-predicts-hundreds-of-boat-migrants-will-set-off-on-tuesday/,"Brexit Party leader Nigel Farage said that he has intelligence from sources in Calais, that a massive wave of hundreds of illegal migrants will set sail from the beaches of France on Tuesday, and que… [+3396 chars]",2020-09-21T17:30:59Z
migrant,Breitbart News,Chris Tomlinson,Swedish Police: New Gang Culture Emerged from Second-Generation Migrants,https://www.breitbart.com/europe/2020/10/04/swedish-police-claim-new-gang-culture-emerged-second-generation-migrants/,The head of the intelligence unit of the National Operational Department (NOA) of the Swedish police force said that many of the gangs in no-go vulnerable areas consist of second-generation migrants … [+2197 chars],2020-10-04T08:11:51Z
migrant,Breitbart News,Chris Tomlinson,Sweden: Nearly Half of Unemployed Migrants Lack High School Education,https://www.breitbart.com/europe/2020/10/07/sweden-nearly-half-unemployed-migrants-lack-high-school-education/,"The Swedish Public Employment Office has revealed that 43 per cent of foreigners without work lack a high school education, compared to 18 per cent of native-born unemployed.
The agency stated that … [+1988 chars]",2020-10-07T12:05:33Z
migrant,Breitbart News,Victoria Friedman,"Orbán Rejects Migration Pact, Says EU Wants to ‘Manage Migration’ Not Stop It",https://www.breitbart.com/europe/2020/09/27/central-europe-eu-wants-manage-migration-not-stop-it-new-migration-pact/,"The central European Visegrád group has criticised the European Commission’s planned reform of the EU’s asylum policy, which could ultimately force members to accept migrants.
This week, the EU’s po… [+3898 chars]",2020-09-27T07:43:39Z
migrant,Breitbart News,Chris Tomlinson,Moroccans Make Up Nearly a Quarter of All Juvenile Inmates in Spain,https://www.breitbart.com/europe/2020/09/20/moroccans-make-up-nearly-a-quarter-of-all-juvenile-inmates-in-spain/,"A study has revealed that around a quarter of those in juvenile detention in Spain come from Morocco and as many as three in ten illegal migrants have committed some sort of crime.
According to the … [+2234 chars]",2020-09-20T13:58:25Z
migrant,Breitbart News,Victoria Friedman,British Authorities ‘Overwhelmed’ by ‘Absolute Mayhem’ as 200 Illegals Land,https://www.breitbart.com/europe/2020/09/12/authorities-overwhelmed-absolute-mayhem-200-illegals-land/,"Authorities described being “overwhelmed” by the “absolute mayhem” in the English Channel as illegal aliens took advantage of the calm waters to break into Britain.
Of the reported 200 migrants, 73 … [+4043 chars]",2020-09-12T08:14:07Z
migrant,Breitbart News,Victoria Friedman,More Illegals Have Landed in UK in September Than Whole of 2019: Report,https://www.breitbart.com/europe/2020/09/25/more-illegals-have-landed-uk-september-whole-2019/,"More migrants have arrived in the United Kingdom by boat in September than the whole of 2019, according to reports.
Tuesday’s landings of 393 illegal aliens on English shores made September hit a mi… [+4041 chars]",2020-09-25T10:23:31Z
migrant,Breitbart News,Chris Tomlinson,Lawyer Linked to Swedish Migrant Clan Gangs Threatened with Expulsion from Bar Association,https://www.breitbart.com/europe/2020/10/02/lawyer-linked-swedish-migrant-clan-gangs-threatened-expulsion-bar-association/,"Gothenburg lawyer Edip Samuelsson, who has represented local migrant clan gangs, has been threatened with expulsion from the Bar Association after allegedly leaking restricted information from detain… [+2574 chars]",2020-10-02T10:10:52Z
migrant,Breitbart News,Chris Tomlinson,Italian Coastguard Tells German Migrant Taxi NGO Ship to Go to Germany,https://www.breitbart.com/europe/2020/09/23/italian-coastguard-tells-german-migrant-taxi-ngo-ship-go-germany/,"Italian coastguard authorities on the island of Lampedusa have denied port access to the German migrant transport NGO Sea-Eye, telling the vessel to head to Germany.
Sea-Eye’s ship, the Alan Kurdi, … [+1995 chars]",2020-09-23T10:45:42Z
migrant,Breitbart News,Kurt Zindulka,French Police Dismantle Calais 'Jungle' Migrant Camp Housing Over 700 'Asylum Seekers',https://www.breitbart.com/europe/2020/09/29/french-police-dismantle-calais-jungle-camp-housing-700-migrants/,"A migrant camp in Calais, France in which 700 to 800 migrants were squatting was dismantled by French police on Tuesday, in what is being characterized as the largest operation since the destruction … [+4664 chars]",2020-09-29T17:55:56Z
migrant,Breitbart News,Chris Tomlinson,Austrian Integration Minister Rejects Any Form of Parallel Migrant Societies,https://www.breitbart.com/europe/2020/09/10/austrian-integration-minister-rejects-any-form-parallel-migrant-societies/,"Integration Minister Susanne Raab has rejected the idea of migrant enclaves in Austria, saying she would not support a Chinatown or a Little Italy developing in the country.
Minister Raab made her c… [+3011 chars]",2020-09-10T11:38:59Z
migrant,Breitbart News,Chris Tomlinson,"At Least 13,000 Migrants Homeless After Notorious Moria Camp Burns to the Ground",https://www.breitbart.com/europe/2020/09/10/least-13000-migrants-homeless-notorious-moria-camp-burns-ground/,"At least 13,000 asylum seekers are without housing after a massive fire gutted the notorious Moria migrant camp on the island of Lesbos, with some accusing migrants of setting the blaze.
The fire be… [+3549 chars]",2020-09-10T14:43:10Z
migrant,Breitbart News,Chris Tomlinson,Spanish Canary Islands See 'Unsustainable' 700 Per Cent Rise in Migrants,https://www.breitbart.com/europe/2020/10/08/spanish-canary-islands-see-unsustainable-700-per-cent-rise-migrants/,"The Spanish Canary Islands have seen a massive 700 per cent rise in illegal migrant arrivals in 2020 and European Union officials are calling the influx “unsustainable”.
European Union Home Affairs … [+2140 chars]",2020-10-08T16:00:39Z
migrant,Breitbart News,Chris Tomlinson,Iraqi Convicted of Beheading Swedish Teen Pleads Innocence at Appeal,https://www.breitbart.com/europe/2020/10/10/iraqi-convicted-of-beheading-swedish-teen-pleads-innocence-at-appeal/,"Iraqi migrant Tishko S. has maintained his innocence during an appeal after he was convicted in July of murdering Swedish teen Wilma Andersson and dismembering her body.
The appeal against the convi… [+2312 chars]",2020-10-10T10:18:46Z
migrant,Breitbart News,Chris Tomlinson,Austrian Chancellor Speaks Out Against EU Migrant Redistribution Policy,https://www.breitbart.com/europe/2020/09/25/austrian-chancellor-speaks-out-against-eu-migrant-redistribution-policy/,"Austrian Chancellor Sebastian Kurz has rejected migrant redistribution as a failed policy, saying that the EU’s latest plans will not work.
The Austrian Chancellor made his comments as the European … [+2474 chars]",2020-09-25T10:59:08Z
migrant,Breitbart News,Jack Montgomery,EU Reveals 'Mandatory Solidarity Mechanism' to Spread Migrants Across All States,https://www.breitbart.com/europe/2020/09/24/eu-plots-mandatory-solidarity-mechanism-spread-migrants/,"The European Union’s unelected executive-cum-legislature, the European Commission, has put forward a “Mandatory Solidarity Mechanism” to spread the burden of the migrant crisis across all member-stat… [+4041 chars]",2020-09-24T07:58:53Z
migrant,Breitbart News,Breitbart London,Prosecutor Files Terrorism Charges Over New Charlie Hebdo Stabbings,https://www.breitbart.com/europe/2020/09/30/prosecutor-files-terrorism-charges-over-new-charlie-hebdo-stabbings/,"PARIS (AP) – A Pakistani man accused in a double stabbing outside the former Paris offices of satirical newspaper Charlie Hebdo has been handed preliminary terrorism charges.
The suspect told invest… [+1455 chars]",2020-09-30T10:22:00Z
migrant,Breitbart News,Jack Montgomery,First of Up to 431 Channel Migrants Arrive at New Open Camp in England,https://www.breitbart.com/europe/2020/09/23/first-of-up-431-channel-migrants-arrive-new-open-camp-england/,"The first of up to 431 illegal migrants are arriving at a new open camp based at a disused Army barracks in Folkestone, Kent.
The asylum seekers are “understood to be migrants who crossed the Channe… [+3979 chars]",2020-09-23T12:30:50Z
migrant,Breitbart News,Chris Tomlinson,Gothenburg Police Concerned Over Growing Drug Trade Ethnic Gang Violence,https://www.breitbart.com/europe/2020/09/30/gothenburg-police-concerned-over-growing-drug-trade-ethnic-gang-violence/,"An intelligence report from the Gothenburg police has revealed deep concern over growing violence between ethnic gangs in the city as they battle over the city’s illegal drug trade.
The report claim… [+3203 chars]",2020-09-30T09:43:30Z
migrant,Breitbart News,Virginia Hale,UK Government Importing Asylum Seekers Directly from Greece Under ‘Family Reunification’,https://www.breitbart.com/europe/2020/10/05/uk-government-importing-asylum-seekers/,"The British government has revealed it is flying in asylum seekers directly from Greece, while record numbers of illegal immigrants continue to arrive on UK shores in boats.
On Friday, the governmen… [+3422 chars]",2020-10-05T12:21:03Z
migrant,Breitbart News,Breitbart London,It CAN Be Done: Tunisia Stops and Turns Backs Hundreds of Boat Migrants at Sea,https://www.breitbart.com/europe/2020/09/23/it-can-be-done-tunisia-stops-turns-backs-hundreds-boat-migrants/,(AFP) — Tunisia said Monday that naval patrols had intercepted 19 boats carrying a total of 246 people seeking to cross from the North African nation to Europe overnight Saturday to Sunday alone. The… [+1496 chars],2020-09-23T11:33:40Z
migrant,Breitbart News,Chris Tomlinson,Italy: Majority of Migrants Rejected for Asylum But Stay in Country Anyway,https://www.breitbart.com/europe/2020/09/29/italy-majority-of-migrants-rejected-for-asylum-but-stay-in-country-anyway/,"Italian asylum case figures show an overwhelming majority of migrants coming into the country are not approved for asylum but nearly none of the rejected asylum seekers are actually deported.
Data f… [+2874 chars]",2020-09-29T11:44:00Z
migrant,Breitbart News,Chris Tomlinson,Migrant Crisis Balkan Route Nations Have Least Favourable Opinions Towards Migrants,https://www.breitbart.com/europe/2020/09/26/migrant-crisis-balkan-route-nations-have-least-favourable-opinions-towards-migrants/,Polling firm Gallup has revealed that residents from many of the countries that formed the Balkan route of the 2015 European migrant crisis have some of the most negative views of migrants in the wor… [+3301 chars],2020-09-26T10:18:08Z
migrant,Breitbart News,Virginia Hale,. UN Insists Record Boat Migrant Numbers 'Not a Threat' to Britain,https://www.breitbart.com/europe/2020/10/01/un-boat-migrants-threat-britain/,"Record numbers of illegal immigrants crossing the English Channel are not a threat to Britain, and could even be a boon for taxpayers, the United Nations (UN) has claimed.
Speaking to the Commons Ho… [+4550 chars]",2020-10-01T09:20:20Z
migrant,Breitbart News,Chris Tomlinson,Mayor Says Parents Fear for Children After Migrant Centre Becomes Crime Hotspot,https://www.breitbart.com/europe/2020/10/10/german-mayor-raises-alarm-asylum-seeker-home-becoming-crime-hotspot/,"The mayor of a German city has said locals are afraid to let their children out alone because of growing criminality at an asylum seeker centre housing hundreds of migrants.
André Knapp, the mayor o… [+2254 chars]",2020-10-10T09:12:27Z
migrant,Breitbart News,Chris Tomlinson,Swedish Police Hunt for Danes Who Burned Qur’an in No-Go Zone,https://www.breitbart.com/europe/2020/09/12/swedish-police-hunt-danes-who-burned-quran-no-go-area/,"Swedish police are hunting for members of an anti-Islam group from Denmark who are alleged to have burned a copy of the Qur’an in Stockholm’s no-go Rinkeby suburb.
Swedish police say they are search… [+2216 chars]",2020-09-12T09:51:37Z
migrant,Breitbart News,John Binder,Amy Schumer Posts Staged Photo of Mannequins in Cages in Get Out the Vote Screed Against America’s ‘Caste System’,https://www.breitbart.com/entertainment/2020/10/09/amy-schumer-posts-staged-photo-of-mannequins-in-cages-in-get-out-the-vote-screed-against-americas-caste-system/,Actress and leftist activist Amy Schumer posted a staged photo of mannequin dolls in cages in a social media rant urging people to vote against America’s “caste system.” Schumer’s screed to her 10 mi… [+2042 chars],2020-10-09T16:35:04Z
migrant,Breitbart News,Victoria Friedman,Deportation Flight Had One Passenger After 29 Lodged Legal Challenges,https://www.breitbart.com/europe/2020/10/03/deportation-flight-had-one-passenger-29-lodged-legal-challenges/,"The UK deported just one out of 30 failed asylum seekers scheduled on a flight to France after the rest had lodged legal challenges to their removal.
One Sudanese man was returned to Paris under cur… [+3664 chars]",2020-10-03T07:47:46Z
migrant,Breitbart News,Chris Tomlinson,Hungarian Police Discover 16 Tunnels Used by Migrants to Cross Border,https://www.breitbart.com/europe/2020/09/27/hungarian-police-discover-16-tunnels-used-migrants-cross-border/,"Hungarian police say they have discovered at least 16 tunnels used by people traffickers to smuggle migrants across the border from neighbouring Serbia.
The small tunnels, which are around a hundred… [+1825 chars]",2020-09-27T09:47:19Z
migrant,Breitbart News,Jack Montgomery,Report: Law Firm Which Stops Deportations Got 55m in Taxpayer Legal Aid,https://www.breitbart.com/europe/2020/10/06/report-law-firm-which-stops-deportations-got-55m-taxpayer-legal-aid/,"A law firm which has helped to block a number of deportations has received tens of millions in taxpayer-funded legal aid over the last three years, according to reports.
Amarpal Singh Gupta’s firm, … [+3583 chars]",2020-10-06T11:42:32Z
migrant,Breitbart News,David Ng,"Ng: HBO’s Quarantine Comedy ‘Coastal Elites,’ Starring Bette Midler, Is an Angry Anti-Trump Rage Fest",https://www.breitbart.com/entertainment/2020/09/13/ng-hbos-quarantine-comedy-coastal-elites-starring-bette-midler-is-an-angry-anti-trump-rage-fest/,"HBO’s Coastal Elites is what happens when Hollywood turns its collective Trump Derangement Syndrome into a movie, a boring movie. Equally earnest and angry, the project is a five-alarm Trump meltdown… [+2745 chars]",2020-09-13T16:57:53Z
migrant,Breitbart News,Victoria Friedman,Deported Criminal Migrants Who Break Back into Britain Using Human Rights Laws to Fight Removals: Report,https://www.breitbart.com/europe/2020/10/04/criminal-migrants-using-human-rights-eu-family-rights-laws-fight-deportations/,"The Times has revealed several cases in the past year of deported criminal migrants returning to the UK and using EU and human rights laws to fight their removals.
In the report published on Sunday,… [+2936 chars]",2020-10-04T15:53:50Z
migrant,Breitbart News,Breitbart London,Italians Able to Head to Polls in Seven Regional Elections Despite Coronavirus,https://www.breitbart.com/europe/2020/09/20/italians-able-to-head-to-polls-in-seven-regional-elections-despite-coronavirus/,Voters were required to wear masks and maintain social distancing as they cast ballots in regional contests originally scheduled for the spring but delayed due to the pandemic. Italy’s outbreak has c… [+3140 chars],2020-09-20T09:35:55Z
migrant,Breitbart News,Neil Munro,Reports: CDC Health Officials Resisted Disease Closure of U.S.-Mexican Border,https://www.breitbart.com/health/2020/10/04/reports-cdc-health-officials-resisted-closure-mexican-border/,"Vice President Mike Pence and other White House officials had to order uncooperative federal healthcare managers to shut the U.S.-Mexican border during the coronavirus crisis, according to reports.
… [+3681 chars]",2020-10-04T21:32:14Z
migrant,Breitbart News,Kyle Olson,"Colorado Secretary of State Encourages Non-Citizens, Deceased to Register to Vote",https://www.breitbart.com/politics/2020/09/27/colorado-secretary-state-encourages-non-citizens-deceased-register-vote/,"Democrat Colorado Secretary of State Jena Griswold sent a postcard to non-citizens and the dead encouraging them to register to vote so they can cast ballots in November.
Griswold sent a mailer to s… [+2575 chars]",2020-09-27T20:33:16Z
migrant,Breitbart News,Jack Montgomery,Burger King Depicts Mascot in Gay Kiss with Ronald McDonald for New Ad Campaign,https://www.breitbart.com/europe/2020/09/11/urger-king-depicts-mascot-gay-kiss-with-ronald-mcdonald-new-ad-campaign/,"Burger King has launched a new advertising campaign in Finland featuring its eponymous mascot sharing a deep kiss with Ronald McDonald, along with the English slogan ‘Love Conquers All’.
The image i… [+2662 chars]",2020-09-11T09:28:39Z
migrant,Breitbart News,Chris Tomlinson,Populist Salvini Candidate on Course to Get Largest Governor Vote in Italian History,https://www.breitbart.com/europe/2020/09/22/populist-salvini-candidate-course-get-largest-governor-vote-italian-history/,"Luca Zaia, a member of Matteo Salvini’s League, is on course to win at least 74 per cent in the Veneto regional presidential election — the Italian equivalent of a U.S. state governor — exit polls in… [+3704 chars]",2020-09-22T08:36:56Z
migrant,Breitbart News,Chris Tomlinson,Leftist Italian Govt Set to Dismantle Salvini Anti-Mass Migration Decrees,https://www.breitbart.com/europe/2020/09/26/leftist-italian-govt-set-to-dismantle-salvini-anti-mass-migration-decrees/,Italian Interior Minister Luciana Lamorgese has sent a draft letter to Italian Prime Minister Giuseppe Conte which could dismantle the anti-mass migration decrees enacted by populist Senator Matteo S… [+2021 chars],2020-09-26T13:41:44Z
migrant,Breitbart News,Chris Tomlinson,Muslim Imam Arrested in Huge Child Pornography Bust,https://www.breitbart.com/europe/2020/10/10/muslim-imam-arrested-in-huge-child-pornography-bust/,"A 50-year-old imam is one of 65 men who have been placed into custody after French police conducted a large-scale operation in multiple cities aimed at tackling child pornography.
The imam is said t… [+1970 chars]",2020-10-10T09:35:01Z
migrant,Breitbart News,Chris Tomlinson,French Butcher Attacked With Tear Gas By Children For Selling Pork,https://www.breitbart.com/europe/2020/10/01/french-butcher-attacked-with-tear-gas-by-children-for-selling-pork/,"Children as young as twelve years old attacked a butcher in the French city of Lyon, allegedly over the shop selling pork products.
The attacks took place on September 19th at the butcher shop locat… [+1951 chars]",2020-10-01T08:59:44Z
migrant,Breitbart News,Chris Tomlinson,"Quarantined Migrants Grow Angry, Set Fires in Italian Hotel",https://www.breitbart.com/europe/2020/09/25/migrants-angered-quarantine-set-fires-italian-hotel/,"Migrants housed in a Sicilian hotel set fires in the accommodation to protest against anti-coronavirus measures.
The Villa Sant’Andrea hotel, located in the town of Valderice, has been used to quara… [+2031 chars]",2020-09-25T09:36:03Z
migrant,Breitbart News,Neil Munro,Axios: New York City Shrinks Due to Lower Immigration,https://www.breitbart.com/politics/2020/09/18/axios-new-york-city-shrinks-due-to-lower-immigration/,"President Donald Trump’s pro-American curbs on migration are pressuring New York’s parochial elite to accept out-of-state young Americans into the city’s economy.
“The main driver of both new busine… [+8321 chars]",2020-09-18T23:05:13Z
migrant,Breitbart News,Neil Munro,White House Posts H-1B Visa Reforms to Help American Graduates Get Good Jobs,https://www.breitbart.com/immigration/2020/10/06/white-house-posts-h-1b-visa-reforms-to-help-american-graduates-get-good-jobs/,The administration has announced reforms of the H-1B visa-worker program to help American graduates get many of the U.S. jobs that Fortune 500 CEOs are now giving to compliant and cheap foreign gradu… [+10890 chars],2020-10-06T18:01:17Z
migrant,Breitbart News,Jack Montgomery,Judges Ground Another Entire Deportation Flight for Illegal Migrants,https://www.breitbart.com/europe/2020/09/19/judges-ground-another-entire-deportation-flight-illegal-migrants/,"Judges have blocked another entire deportation flight of illegal migrants, agreeing with lawyers that the first world EU member-state Spain could not be trusted to treat them as lavishly as Britain.… [+3268 chars]",2020-09-19T20:38:40Z
migrant,Breitbart News,Neil Munro,"Amnesty Groups Demand Bailout for Cities, States that Rely on Illegal Migrants",https://www.breitbart.com/politics/2020/09/16/amnesty-groups-demand-bailout-for-cities-states-that-rely-on-illegal-migrants/,"The unemployment rate for illegal migrants in the United States reached almost 30 percent during the coronavirus crash, says a California advocacy report that urges a federal bailout for the cities a… [+5639 chars]",2020-09-17T00:40:20Z
migrant,Breitbart News,Neil Munro,Agriculture Deptartment Drops Wage Floor in H-2A Farmworker Program,https://www.breitbart.com/economy/2020/10/01/agriculture-dept-drops-wage-floor-h2a-program/,"Agriculture department officials have announced they will not conduct a routine annual survey on wages in the farm sector, likely helping agriculture employers to suppress wages for the expected supp… [+5197 chars]",2020-10-02T02:22:16Z
migrant,Breitbart News,Joel B. Pollak,Blue State Blues: Joe Biden Is Already Irritating — and Worrying — U.S. Allies,https://www.breitbart.com/politics/2020/09/18/blue-state-blues-joe-biden-is-already-irritating-and-worrying-u-s-allies/,"Joe Biden is promising to restore “historic partnerships” with America’s allies, but he is already irritating them.
On Friday, British Prime Minister Boris Johnson suggested that Biden does not unde… [+5458 chars]",2020-09-18T16:55:04Z
migrant,Breitbart News,Joel B. Pollak,Pollak: The NYT’s Latest ‘Whistleblower’ Looks Like Another Adam Schiff Hit Job,https://www.breitbart.com/2020-election/2020/09/10/pollak-the-nyts-latest-whistleblower-looks-like-another-adam-schiff-hit-job/,The New York Times reported Wednesday that a “whistleblower” at the Department of Homeland Security had alleged that officials “directed agency analysts to downplay the threat of violent white suprem… [+5430 chars],2020-09-10T12:55:44Z
migrant,Breitbart News,Victoria Friedman,"MSM Catches up to Farage, Finally Reports Alleged Refugees Evading Authorities",https://www.breitbart.com/europe/2020/09/14/msm-catches-up-farage-finally-reports-alleged-refugees-evading-authorities/,"Five months after Nigel Farage first reported that the true number of illegal aliens was likely much higher than the official figure because many arrive undetected, the mainstream media has finally r… [+4631 chars]",2020-09-14T17:42:30Z
migrant,Breitbart News,Victoria Friedman,"UK Considering Floating Asylum Centres in Old Ferries, Sending Migrants to Remote Islands: Reports",https://www.breitbart.com/europe/2020/10/02/uk-considering-floating-asylum-centres-in-old-ferries-sending-migrants-to-remote-islands-reports/,"The British government is said to be considering off-shore asylum centres on old ferries, or even sending claimants to remote islands in the South Atlantic.
The government is reportedly considering … [+4499 chars]",2020-10-02T09:59:28Z
migrant,Breitbart News,Victoria Friedman,Paris Stabbing Suspect Admits He Was Trying to Target Charlie Hebdo: Report,https://www.breitbart.com/europe/2020/09/26/suspect-admits-paris-stabbing-attack-was-trying-target-charlie-hebdo/,The 18-year-old Pakistani currently being held by French police for attacking two people with a meat cleaver has reportedly admitted that he had wanted to target those working at Charlie Hebdo in rev… [+2244 chars],2020-09-26T16:34:50Z
migrant,Breitbart News,Chris Tomlinson,Italian Authorites Open After Being Rammed by Suspected Smuggler Boat,https://www.breitbart.com/europe/2020/10/01/italian-authorites-open-fire-near-tunisan-fishing-ship-being-rammed/,"The Italian Guardia di Finanza fired across the bows of a Tunisian fishing vessel suspected of aiding illegal migration after the boat rammed one of the Italian ships.
The dramatic incident, which t… [+2104 chars]",2020-10-01T11:10:10Z
migrant,Breitbart News,Chris Tomlinson,NGO Claims Around Half of Migrants on Paris Streets May Be Coronavirus Positive,https://www.breitbart.com/europe/2020/10/07/ngo-claims-around-half-of-migrants-on-paris-streets-may-be-coronavirus-positive/,"According to NGO Doctors without Borders (Médecins Sans Frontières/MSF), 55 per cent of those living on the streets of the Paris region might be infected with the Wuhan coronavirus, the vast majority… [+2258 chars]",2020-10-07T17:17:21Z
migrant,Breitbart News,Virginia Hale,Macron Faces Islamophobia Claims Over Homeschooling Ban 'to Protect Children From Religion',https://www.breitbart.com/europe/2020/10/06/france-macron-ban-homeschooling/,"Emmanuel Macron has been attacked for “Islamophobia” by the Turkish government in the wake of his announcement that France will ban homeschooling to protect children from religion, as part of plans t… [+5206 chars]",2020-10-06T09:21:09Z
migrant,Breitbart News,Chris Tomlinson,Italian Authorites Open After Being Rammed by Suspected Smuggler Boat,https://www.breitbart.com/europe/2020/10/01/italian-authorities-open-fire-near-tunisan-fishing-ship-being-rammed/,"The Italian Guardia di Finanza fired across the bows of a Tunisian fishing vessel suspected of aiding illegal migration after the boat rammed one of the Italian ships.
The dramatic incident, which t… [+2104 chars]",2020-10-01T11:10:10Z
migrant,Breitbart News,Chris Tomlinson,Former Swedish Broadcaster CEO: No One in Sweden Likes President Trump,https://www.breitbart.com/europe/2020/10/03/former-swedish-broadcaster-ceo-no-one-sweden-likes-president-trump/,"Eva Hamilton, the former CEO of Sweden’s public television broadcaster SVT, has claimed that no one in Sweden likes U.S. President Donald J. Trump and that Swedes view him as dangerous.
Ms Hamilton … [+2082 chars]",2020-10-03T08:10:05Z
migrant,Breitbart News,Chris Tomlinson,Greece to Recruit 800 New Border Guards After Turks Push Migrants to Frontier,https://www.breitbart.com/europe/2020/09/25/greece-recruit-least-800-new-border-guards-along-turkish-border/,Greek Minister of Civil Protection Michalis Chrysochoidis has revealed that another 400 border guards will be recruited to man the border in addition to the 400 previously announced by the government… [+2064 chars],2020-09-25T08:09:31Z
migrant,Breitbart News,Chris Tomlinson,Paris No-Go Suburb Politician Faced Trial for Apologising for Terrorism,https://www.breitbart.com/europe/2020/10/09/paris-no-go-suburb-politician-trial-apologising-terrorism/,A regional politician in the no-go Paris suburb of Seine-Saint-Denis was placed on trial for apologising for terrorism after stating that he wanted to be like radical Islamic terrorist Mohammed Merah… [+1958 chars],2020-10-09T11:28:31Z
migrant,Breitbart News,Chris Tomlinson,Swedish 2021 Budget Spends More on Foreign Aid Than Police Force,https://www.breitbart.com/europe/2020/09/24/swedish-2021-budget-spends-more-on-foreign-aid-than-police-force/,"The new Swedish 2021 budget has been revealed, with the government looking to spend more on foreign aid than on the country’s police force despite violent gang crime remaining a problem.
The budget,… [+2225 chars]",2020-09-24T08:07:09Z
migrant,Breitbart News,Chris Tomlinson,Nearly All Top Ten Baby Names in Paris Suburbs Have Islamic Connection,https://www.breitbart.com/europe/2020/09/24/nearly-all-top-ten-baby-names-paris-suburbs-have-islamic-connection/,"The majority of baby names given in the suburbs of Paris have Islamic connections, according to figures released by the French National Institute of Statistics and Economic Studies (INSEE).
The Pari… [+2258 chars]",2020-09-24T15:54:04Z
migrant,Breitbart News,Chris Tomlinson,Greek Birthrate Declined by over Three Per Cent in 2019,https://www.breitbart.com/europe/2020/10/03/greek-birthrate-declined-three-per-cent-2019/,"Statistics released by the Greek government show that the country’s birthrate declined by 3.1 per cent in 2019 as deaths increased by 3.9 per cent.
According to statistics released by the Hellenic S… [+2270 chars]",2020-10-03T11:54:13Z
migrant,Breitbart News,Rep. Matt Gaetz (R-FL),Exclusive Excerpt—Rep. Matt Gaetz: ‘Firebrand: Dispatches from the Front Lines of the MAGA Revolution’,https://www.breitbart.com/politics/2020/09/21/exclusive-excerpt-rep-matt-gaetz-firebrand-dispatches-from-the-front-lines-of-the-maga-revolution/,"The following is an exclusive excerpt from a new book by Rep. Matt Gaetz (R-FL), Firebrand: Dispatches from the Front Lines of the MAGA Revolution, available Tuesday, September 22.
***
America is n… [+7330 chars]",2020-09-21T16:12:59Z
migrant,Breitbart News,Neil Munro,Washington Post: Only ‘Bigots’ Oppose Large Refugee Inflows,https://www.breitbart.com/politics/2020/10/06/washington-post-only-bigots-oppose-large-refugee-inflows/,"President Donald Trump’s decision to accept 15,000 refugees in 2020 only helps “bigots,” says Catherine Rampell, a pro-migration columnist at the Washington Post.
“The only constituency helped by Tr… [+6473 chars]",2020-10-06T22:18:19Z
migrant,Breitbart News,Neil Munro,Business Slams Draft Curbs on White-Collar Illegal Migrants,https://www.breitbart.com/economy/2020/09/24/business-slams-draft-curbs-on-white-collar-illegal-migrants/,"Business groups, labor brokers, and migration advocates are protesting a draft regulation that would open up many thousands of outsourced white-collar jobs to debt-burdened U.S. graduates.
The regul… [+6940 chars]",2020-09-25T01:25:35Z
migrant,Bloomberg,,Singapore Introduces Night Clinics for Migrant Workers,https://www.bloomberg.com/news/articles/2020-10-09/singapore-introduces-night-clinics-for-migrant-workers,,2020-10-09T05:53:20Z
migrant,Bloomberg,,Philippines' Army of Migrant Workers Retrains for Life Back Home,https://www.bloomberg.com/news/articles/2020-09-23/philippines-army-of-migrant-workers-retrains-for-life-back-home,,2020-09-23T21:00:00Z
migrant,Bloomberg,,Singapore Scales Up Virus Screening Centers for Migrant Workers,https://www.bloomberg.com/news/articles/2020-10-08/singapore-scales-up-virus-screening-centers-for-migrant-workers,,2020-10-08T07:36:37Z
migrant,Bloomberg,Shuli Ren,China’s Economic Recovery Leaves the Bottom 60% Behind,https://www.bloomberg.com/news/articles/2020-09-28/coronavirus-pandemic-china-is-experiencing-a-k-shaped-economic-recovery,,2020-09-28T08:00:19Z
migrant,Bloomberg,Arne Delfs,"Merkel, Macron Open Doors to 400 Minors From Greek Refugee Camp",https://www.bloomberg.com/news/articles/2020-09-10/merkel-macron-open-doors-to-400-minors-from-greek-refugee-camp,,2020-09-10T17:38:03Z
migrant,Al Jazeera English,Sandra Cuffe,‘There is no work’: Hondurans brave risks in US-bound caravan,https://www.aljazeera.com/news/2020/10/3/there-is-no-work-hondurans-brave-risks-in-us-bound-caravan,"Guatemala City, Guatemala  The Guatemalan government is ramping up efforts to halt the exodus of thousands of Honduran migrants attempting to reach the United States.
More than 3,000 Honduran migran… [+5966 chars]",2020-10-03T19:13:17Z
migrant,Al Jazeera English,Al Jazeera,"‘Brawl’ at migrant camp in Bosnia kills two, injures 18",https://www.aljazeera.com/news/2020/10/1/brawl-among-migrants-in-bosnia-kills-2-injures-18,Two migrants were killed and 18 injured in a brawl in northwest Bosnia and Herzegovina as regional authorities emptied a migrant reception centre in the town of Bihac and moved hundreds to a camp 50 … [+1942 chars],2020-10-01T16:11:24Z
migrant,Al Jazeera English,Al Jazeera,"Three dead, 53 rescued after migrant boat sinks off Crete",https://www.aljazeera.com/news/2020/09/dead-53-rescued-migrant-boat-sinks-crete-200914200840466.html,"Three people have died while 53 others were rescued after a boat carrying migrants and refugees sank off the southern Greek island of Crete.
The dead included two children and a woman.
The Greek co… [+1051 chars]",2020-09-14T20:39:17Z
migrant,Al Jazeera English,Al Jazeera,Greek police accuse aid workers of supporting migrant smugglers,https://www.aljazeera.com/news/2020/9/28/greek-police-accuses-aid-workers-of-helping-migrant-smuggling,"Greek police have accused 35 people, among them two foreign nationals, from several foreign non-governmental aid organisations of illegally helping refugees and migrants to enter from Turkey.
Those … [+2884 chars]",2020-09-28T16:08:32Z
migrant,Al Jazeera English,Al Jazeera,Guatemala promises to break up migrant caravan heading to US,https://www.aljazeera.com/news/2020/10/2/guatemala-vows-to-break-up-migrant-caravan-heading-to-us,"Guatemala has promised to break up a caravan of about 2,000 migrants that set out from neighbouring Honduras this week in hopes of reaching the United States, saying they represent a health threat am… [+3573 chars]",2020-10-02T19:00:12Z
migrant,Al Jazeera English,Al Jazeera,Mexico deploys army on southern border to block migrant caravan,https://www.aljazeera.com/news/2020/10/3/mexico-deploys-army-on-southern-border-to-block-migrant-caravan,"Mexico on Friday ordered the military to deploy along its southern border to block a migrant caravan that President Andres Manuel Lopez Obrador suggested was linked to the United States election.
Th… [+2487 chars]",2020-10-03T08:25:56Z
migrant,Al Jazeera English,Al Jazeera,In Pictures: Guatemala toughens stance on migrant caravan,https://www.aljazeera.com/gallery/2020/10/7/dissolved-migrant-caravan-sign-of-tougher-guatemala-stance/,"The Guatemalan governments decision to halt more than 3,000 Honduran migrants who had set out for the United States amid the coronavirus pandemic, signalled that US pressure on immigration continues … [+2197 chars]",2020-10-07T11:23:01Z
migrant,Al Jazeera English,Al Jazeera,Migrant caravan sets out for the US amid COVID-19 concerns,https://www.aljazeera.com/news/2020/10/1/honduran-caravan-travels-to-the-us-amid-covid-19-concerns,"The first Hondurans hoping to reach the United States arrived at the Guatemala border on foot on Thursday morning as part of a newly-formed caravan, testing the newly reopened frontier that had been … [+5650 chars]",2020-10-01T20:26:53Z
migrant,Al Jazeera English,Al Jazeera,More migrant women in US detention say they didn't OK surgery: AP,https://www.aljazeera.com/news/2020/09/migrant-women-detention-didn-surgery-ap-200918165727667.html,"Sitting across from her lawyer at an immigration detention centre in rural Georgia, Mileidy Cardentey Fernandez unbuttoned her jail jumpsuit to show the scars on her abdomen. There were three small, … [+8229 chars]",2020-09-18T18:57:07Z
migrant,Al Jazeera English,Al Jazeera,Refugees in Greece wary of entering new camp after Moria fire,https://www.aljazeera.com/news/2020/09/refugees-greece-wary-entering-camp-moria-fire-200916125349988.html,"Greek authorities were still struggling to move thousands of refugees and migrants sleeping rough into a temporary camp, a week after the overcrowded Moria migrant camp burned down, while fears grew … [+2107 chars]",2020-09-16T13:30:48Z
migrant,Al Jazeera English,Al Jazeera,Melania Trump secret recordings: ‘I’m driving the liberals crazy’,https://www.aljazeera.com/news/2020/10/2/melania-trump-caught-on-tape-complaining-about-migrant-children,"First Lady Melania Trump expressed support for the care that migrant children separated from their families received in US detention centres, suggesting the facilities were better than what they had … [+2620 chars]",2020-10-02T19:29:39Z
migrant,Al Jazeera English,Al Jazeera,Ethiopian migrants held in Saudi Arabia call it ‘hellish’,https://www.aljazeera.com/news/2020/10/2/ethiopian-migrants-held-in-saudi-arabia-call-it-hellish,"From a filthy cell in Saudi Arabia, the Ethiopian migrant spoke on a smuggled phone, fearing to give his name. Some 300 countrymen are imprisoned with him, he said. And no one knows when Ethiopias go… [+3898 chars]",2020-10-02T10:46:57Z
migrant,Al Jazeera English,Al Jazeera,"Sweden: Far-right activists burn copy of Quran, plan more stunts",https://www.aljazeera.com/news/2020/09/sweden-activists-burn-copy-quran-plan-stunts-200910111120111.html,"Members of a Danish far-right group burned a copy of the Quran in Sweden, only days after a similar incident in the southern city of Malmo.
A video posted by the leader of the Stram Kurs (Hard Line)… [+1815 chars]",2020-09-10T13:33:56Z
migrant,Al Jazeera English,Al Jazeera,Italy softens harsh migration rules championed by Salvini,https://www.aljazeera.com/news/2020/10/6/italy-loosens-migration-rules-to-dismay-of-hardliner-salvini,"Italy has softened harsh rules penalising aid groups that bring undocumented migrants ashore and extended protection for refugees who risk persecution at home.
The so-called security decrees, which … [+3094 chars]",2020-10-06T19:31:00Z
migrant,Al Jazeera English,Al Jazeera,Algeria expelling thousands of migrants across Niger border: HRW,https://www.aljazeera.com/news/2020/10/9/algeria-abandons-thousands-of-migrants-at-niger-border-report,"Algerian security forces have arrested thousands of migrants and refugees, cramming them onto trucks and buses before expelling them across the border to Niger, Human Rights Watch said.
Since early … [+1460 chars]",2020-10-09T18:14:43Z
migrant,Al Jazeera English,Al Jazeera,EU: Greece-Turkey crisis talks might include other nations,https://www.aljazeera.com/news/2020/09/eu-greece-turkey-crisis-talks-include-nations-200915131159907.html,"Third countries might be invited to talks aimed at easing a dispute between Greece and Turkey about energy rights that has brought warships to the eastern Mediterranean, a top European Union official… [+2291 chars]",2020-09-15T13:52:04Z
migrant,Al Jazeera English,Al Jazeera,Two dozen migrants feared drowned off Libya's coast,https://www.aljazeera.com/news/2020/09/dozen-migrants-feared-drowned-libya-coast-200915154357375.html,"A boat carrying refugees and migrants bound for Europe has capsized in the Mediterranean Sea off Libya's coast, leaving at least two dozen people dead or missing, the UN migration agency said.
Safa … [+2497 chars]",2020-09-15T17:25:56Z
migrant,Al Jazeera English,Mia Swart,'There will be blood': Xenophobia in S Africa routine and lethal,https://www.aljazeera.com/news/2020/09/blood-xenophobia-africa-routine-lethal-200915051719107.html,"Sleeping was not an option for Syed in early September last year.
For three days and night, the Bangladeshi shop owner in central Johannesburg said he had to stand guard to protect his store during … [+6963 chars]",2020-09-17T10:44:41Z
migrant,Al Jazeera English,Al Jazeera,US bans palm oil imports from Malaysian producer FGV,https://www.aljazeera.com/economy/2020/10/1/us-bans-palm-oil-imports-from-malaysian-producer-fgv,"The United States has banned imports of palm oil from Malaysian company FGV Holdings following an investigation into allegations it uses forced labour, the US Customs and Border Protection (CBP) agen… [+3205 chars]",2020-10-01T06:02:45Z
migrant,Al Jazeera English,Al Jazeera,"Economy, border row on agenda as India's parliament reopens",https://www.aljazeera.com/news/2020/09/economy-border-row-agenda-india-parliament-reopens-200914091649540.html,"Indian lawmakers have returned to Parliament after a five-month absence, with the government's response to the coronavirus pandemic, the nosediving economy and simmering tensions with China setting t… [+3195 chars]",2020-09-14T10:33:40Z
migrant,Al Jazeera English,Arwa Ibrahim,India reports six million COVID-19 cases: Live news,https://www.aljazeera.com/news/2020/9/28/india-reports-its-six-millionth-covid-19-case-live-news,<ul><li>India reports its six millionth case as it surges closer to the United States as the most-infected nation.</li><li>Greek officials announce the first coronavirus death of a migrant living in … [+3340 chars],2020-09-28T15:14:07Z
migrant,Al Jazeera English,Al Jazeera,Italian PM Conte to testify in Salvini refugee abuse case,https://www.aljazeera.com/news/2020/10/3/italian-premier-to-testify-in-salvinis-hearing-on-migrant-abuse,Italian Prime Minister Giuseppe Conte and other senior officials have been called to testify at the next pre-trial hearing on an abuse of power case against far-right opposition leader Matteo Salvini… [+3526 chars],2020-10-03T18:51:42Z
migrant,Al Jazeera English,Usaid Siddiqui,"India sees 100,000 COVID-19 deaths: What happened and what now?",https://www.aljazeera.com/news/2020/10/5/india-at-100000-deaths-what-experts-say,"India has crossed the grim milestone of 100,000 coronavirus deaths, the third-highest in the world behind only the United States and Brazil.
Despite the South Asian nations attempts to control the s… [+10362 chars]",2020-10-05T09:46:30Z
migrant,Al Jazeera English,Al Jazeera,Divided Europe seeks to overhaul defunct migration policies,https://www.aljazeera.com/news/2020/9/23/divided-europe-seeks-to-overhaul-defunct-migration-policies,"The European Unions executive has proposed overhauling the blocs broken migration and asylum rules, seeking to end years of feuds and bitterness over the hundreds of thousands of people fleeing wars … [+4361 chars]",2020-09-23T13:16:32Z
migrant,Al Jazeera English,Al Jazeera,How a high school dropout forced Nepal gov't to act on pandemic,https://www.aljazeera.com/news/2020/09/high-school-dropout-forced-nepal-gov-act-pandemic-200911070611287.html,"On a sunny June day in Nepal, hundreds of young people wearing face masks stood a metre apart behind the barbed-wire barricades and rows of riot police guarding the prime minister's residence, shouti… [+4862 chars]",2020-09-11T08:25:02Z
migrant,Al Jazeera English,Virginia Pietromarchi,"Italy’s Salvini goes on trial, accused of ‘kidnapping’ refugees",https://www.aljazeera.com/news/2020/10/3/hold-for-anealla-salvini-trial-to-begin,"Rome, Italy Matteo Salvini appears in court on Saturday on charges of kidnapping more than a hundred migrants, in an event that the Italian far-right leader has attempted to use to boost his dwindlin… [+3896 chars]",2020-10-03T06:23:26Z
migrant,Al Jazeera English,Al Jazeera,Refugees accuse Greece of pushing them back out to sea,https://www.aljazeera.com/news/2020/9/25/refugees-accuse-greece-of-pushing-them-back-out-to-sea,"Shortly after reaching the Greek island of Lesbos, a group of Afghan refugees and migrants say their hopes for a new life in Europe were cut short when Greek authorities rounded them up, mistreated t… [+7382 chars]",2020-09-25T14:18:10Z
migrant,Al Jazeera English,Marianna Karakoulaki,The Greek anti-fascist struggle is far from over,https://www.aljazeera.com/opinions/2020/10/10/the-greek-anti-fascist-struggle-is-far-from-over/,"Golden Dawn is a criminal organisation, declared an announcer from the top of the Court of Appeals in Athens on Wednesday, making public the landmark verdict in the biggest trial of self-professed fa… [+7093 chars]",2020-10-10T08:13:39Z
migrant,Al Jazeera English,Mansur Mirovalev,Nagorno-Karabakh: Historical grievances with dangerous potential,https://www.aljazeera.com/news/2020/9/28/will-azerbaijan-regain-its-separatist-armenia-backed-province,"The winner in this war seemed so obvious Azerbaijan, the oil-rich nation whose defence spending is much larger than the government budget of its impoverished adversary.
But for three decades and aga… [+7280 chars]",2020-09-28T12:37:57Z
migrant,Al Jazeera English,Al Jazeera,Science vs humanities in Australia’s university fee shake-up,https://www.aljazeera.com/news/2020/10/9/science-vs-humanities-in-australia-university-fee-shake-up,"Canberra, Australia University students enrolling in degrees in the humanities, law and economics in Australia will see their course fees more than double next year under legislation that has just pa… [+7847 chars]",2020-10-09T01:44:29Z
migrant,Al Jazeera English,Patrick Strickland,How a Greek reporter could help put neo-Nazis behind bars,https://www.aljazeera.com/features/2020/10/3/how-a-greek-reporter-could-help-put-neo-nazis-behind-bars,"Athens, Greece  When the package arrived at Scholiastiss offices in the Greek capital one morning in early 1988, the magazines editorial staff made up their minds without much hesitation: they would … [+31298 chars]",2020-10-03T10:58:24Z
migrant,Al Jazeera English,Al Jazeera,How a Bollywood star’s death case took a ‘misogynistic spiral’,https://www.aljazeera.com/features/2020/9/28/media-trial-of-rhea-chakraborty-and-bollywoods-moral-judgments,"Mumbai, India Bollywood actor Sushant Singh Rajput was found dead by apparent suicide at his Mumbai residence on June 14. What was a tragic end to a promising young stars career has turned into a med… [+9534 chars]",2020-09-28T04:21:35Z
migrant,Al Jazeera English,Nazia Kazi,Islamophobia in the US presidential election,https://www.aljazeera.com/indepth/opinion/islamophobia-presidential-election-200913150532735.html,"With Barack Obama's victory in the 2008 presidential election, many in the United States hoped for the retreat of Bush administration policies that criminalised the lives of Muslims. Yet Obama's two … [+11174 chars]",2020-09-14T18:28:14Z
migrant,Al Jazeera English,Al Jazeera,Greece reports first COVID-19 refugee death since pandemic began,https://www.aljazeera.com/news/2020/9/28/greece-reports-first-covid-19-refugee-death-since-pandemic-began,"A 61-year-old man from Afghanistan died of COVID-19 on Sunday, the first reported death of a refugee from the disease in Greece since the pandemic began there in late February, a government official … [+1229 chars]",2020-09-28T00:39:30Z
migrant,Al Jazeera English,Al Jazeera,Cyprus accuses Turkey of expanding 'illegal drilling' in East Med,https://www.aljazeera.com/news/2020/09/cyprus-accuses-turkey-expanding-illegal-drilling-east-med-200916091527393.html,"Cyprus has accused Turkey of extending ""illegal drilling"" in disputed Mediterranean waters but said it is ready to engage in dialogue with Ankara to resolve differences over exploration rights.
On T… [+2914 chars]",2020-09-16T10:11:23Z
migrant,Al Jazeera English,Al Jazeera,"Thousands of refugees sleep rough, without food, after Moria fire",https://www.aljazeera.com/news/2020/09/thousands-refugees-sleep-rough-food-moria-fire-200910085353994.html,"Thousands of refugees slept rough on the Greek island of Lesbos for a second night after a fire razed the country's largest camp to the ground, sending crowds fleeing but with nowhere to go.
Familie… [+2592 chars]",2020-09-10T09:43:34Z
migrant,Al Jazeera English,Al Jazeera,Gallup poll says world becoming less tolerant of migrants,https://www.aljazeera.com/news/2020/9/23/gallup-poll-says-world-becoming-less-tolerant-of-migrants,"The world is becoming less tolerant of migrants, according to a poll released on Wednesday as Europe prepared to unveil a new asylum plan in the wake of a blaze at an overcrowded camp in Greece that … [+2765 chars]",2020-09-23T08:38:08Z
migrant,Al Jazeera English,Hamid Dabashi,Siah Armajani (1939-2020): An artist of public happiness,https://www.aljazeera.com/indepth/opinion/siah-armajani-1939-2020-artist-public-happiness-200917120720265.html,"""The twilight zones today between art forms that were once quite distinct - painting and photography, architecture and sculpture - have been the locus of the most intriguing art produced in recent de… [+8156 chars]",2020-09-18T07:27:56Z
