Keyword,Source,Author,Title,URL,Text,Published,compound score,negative score,positive score,neutral score
refugee,The Washington Post,Nick Miroff,"Trump cuts refugee cap to lowest level ever, depicts them on campaign trail as a threat and burden - The Washington Post",https://www.washingtonpost.com/immigration/trump-cuts-refugee-cap/2020/10/01/a5113b62-03ed-11eb-8879-7663b816bfa5_story.html,"The 15,000 figure, the lowest since the 1980 Refugee Act, is a drop from the 2020 cap that was set at 18,000. Since March, the number of refugees admitted to the United States fell sharply as the cor… [+5805 chars]",2020-10-01T18:07:00Z,-0.8779,0.41,0.0,0.59
refugee,The Washington Post,Gillian Brockell,How Jewish history and the Holocaust fueled Ruth Bader Ginsburg’s quest for justice - The Washington Post,https://www.washingtonpost.com/history/2020/09/19/rbg-ruth-bader-ginsburg-holocaust-jewish/,"I had the good fortune to be a Jew born and raised in the U.S.A. My father left Odessa bound for the New World in 1909, at age 13; my mother was first in her large family to be born here, in 1903, ju… [+8879 chars]",2020-09-19T11:41:00Z,0.5267,0.0,0.185,0.815
refugee,The Washington Post,"Rebecca Sanders, Jack Mewhirter","New survey: Yes, Americans will give up liberties to fight the coronavirus",https://www.washingtonpost.com/politics/2020/09/28/new-survey-yes-americans-will-give-up-liberties-fight-coronavirus/,"President Trump has endorsed their calls for reopening, accusing Democrats, the news media and state officials of exaggerating the coronaviruss risks. Recently, Attorney General William P. Barr echoe… [+5329 chars]",2020-09-28T11:00:27Z,0.5267,0.148,0.341,0.511
refugee,The Washington Post,Greg Sargent,Trump’s ugly rant in Minnesota shows why Republicans fear he’ll lose,https://www.washingtonpost.com/opinions/2020/10/01/trumps-ugly-rant-minnesota-shows-why-republicans-fear-hell-lose/,But Trumps latest rant at a rally in Minnesota along with a new election forecast that shows him losing Midwestern whites and a new report on rising GOP anxiety about Trump strongly suggests his pret… [+5373 chars],2020-10-01T14:41:10Z,-0.891,0.624,0.0,0.376
refugee,The Washington Post,houston chronicle,Prominent Southern Baptists dropping 'Southern' name amid racial unrest...,https://www.washingtonpost.com/religion/2020/09/15/southern-baptist-name-great-commission-baptist/,"Prominent Southern Baptists are dropping 'Southern' name amid racial unrest
Leaders in the Southern Baptist Convention are increasingly dropping the ""Southern"" part of their Baptist name, calling it … [+9818 chars]",2020-09-15T12:00:15Z,0.3182,0.0,0.223,0.777
refugee,The Washington Post,James Hohmann,"""Will public sympathy lead to a bounce in the polls?"" Questions on the political ramifications of Trump’s COVID-19 diagnosis.",https://www.washingtonpost.com/politics/2020/10/02/daily-202-dozen-questions-gauge-political-ramifications-trumps-coronavirus-diagnosis/,This October surprise upends the presidential campaign with just over a month until Election Day. This will draw fresh attention to Trumps public and private squabbles with a number of the medical ex… [+35047 chars],2020-10-02T18:14:00Z,0.3612,0.0,0.128,0.872
refugee,The Washington Post,David Weigel,The Trailer: Biden goes to where his party lost,https://www.washingtonpost.com/politics/2020/10/01/trailer-biden-goes-where-his-party-lost/,"ALLIANCE, Ohio Joe Biden had come to town, but it wasnt exactly easy to see him. The Democratic nominee, traveling through eastern Ohio on a chartered train, had stopped here for a socially distanced… [+23572 chars]",2020-10-01T21:57:54Z,0.1027,0.192,0.225,0.583
refugee,The Washington Post,Ashley Parker,Trump brings divisiveness and invective back to the rally stage,https://www.washingtonpost.com/politics/trump-rallies-divisive/2020/09/28/a5114d68-fea8-11ea-830c-a160b331ca62_story.html,"And he claimed falsely that the deadly coronavirus, which has so far killed more than 200,000 Americans, affects virtually nobody and that states should reopen their schools.
In eight rallies over t… [+10832 chars]",2020-09-28T10:00:00Z,0.0,0.0,0.0,1.0
refugee,The Washington Post,Marc Fisher,"The Undecideds: Sure, Biden and Trump are very different. But maybe neither is right for the job.",https://www.washingtonpost.com/politics/undecided-voters-2020-presidential-debates/2020/09/27/0911c650-fd9e-11ea-8d05-9beaaa91c71f_story.html,"The Boltzes, who live in a rural area half an hour outside Pittsburgh, find themselves squarely between their children. Their son who lives next door is more conservative than they are and supports T… [+11149 chars]",2020-09-28T10:00:00Z,0.3182,0.0,0.126,0.874
refugee,The Washington Post,"Loveday Morris, Luisa Beck",Germany suspends dozens of police officers for neo-Nazi chat messages,https://www.washingtonpost.com/world/europe/germany-suspends-dozens-of-police-officers-for-neo-nazi-chat-messages/2020/09/16/0f10d044-f80a-11ea-85f7-5941188a98cd_story.html,"We are talking about the nastiest and most disgusting Neo-Nazi, racist, and refugee-hostile hatred, he said.
More than 100 images with content punishable by law were shared in five WhatsApp chat gro… [+1588 chars]",2020-09-16T11:53:00Z,0.0,0.0,0.0,1.0
refugee,The Washington Post,"Chico Harlan, Elinda Labropoulou","After fire guts Europe's biggest migrant camp, Greece erects tents, other countries offer little",https://www.washingtonpost.com/world/europe/moria-refugee-camp-fire/2020/09/16/0d301a94-f6a4-11ea-85f7-5941188a98cd_story.html,"The new camp sits on a converted military practice range. It consists of hundreds of white tents, arranged in rows in the dirt. People moving in must submit to an immediate coronavirus lockdown.
You… [+5702 chars]",2020-09-16T19:22:24Z,-0.34,0.156,0.0,0.844
refugee,The Washington Post,David Weigel,The 50 political states of America,https://www.washingtonpost.com/graphics/2020/politics/united-states-political-geography/,"The 2020 election may see the highest turnout in decades, though it comes at the same time as vast uncertainty about voting systems, mail ballots and the role of courts. For the second consecutive cy… [+19918 chars]",2020-09-22T19:08:27Z,0.0,0.0,0.0,1.0
refugee,The Washington Post,Greg Miller,Allegations of racism have marked Trump’s presidency and become key issue as election nears,https://www.washingtonpost.com/national-security/trump-race-record/2020/09/23/332b0b68-f10f-11ea-b796-2dd09962649c_story.html,"Trumps private musings about Hispanics match the vitriol he has displayed in public, and his antipathy to Africa is so ingrained that when first lady Melania Trump planned a 2018 trip to that contine… [+30767 chars]",2020-09-23T14:29:10Z,-0.6249,0.24,0.0,0.76
refugee,Politico,Matthew Choi,Trump at Minnesota rally: Biden will turn state into a 'refugee camp',https://www.politico.com/news/2020/09/18/trump-biden-will-turn-minnesota-into-a-refugee-camp-417900,"""These hardened criminals are back in their country where they can do all the complaining they want,"" Trump said. ""And your families are safer for it.""
The Trump administration has made stonewalling… [+3788 chars]",2020-09-19T01:32:08Z,0.0,0.0,0.0,1.0
refugee,Politico,"Jeremy B. White, Debra Kahn and Alexander Nieves",7 reasons Gavin Newsom has the worst job in politics,https://www.politico.com/news/2020/09/23/gavin-newsom-california-wildfires-coronavirus-420044,"Despite all the wealth generated by Silicon Valley, Hollywood and massive agriculture and energy industries, California fares terribly on some basic measures of prosperity. 
Soaring poverty and home… [+1761 chars]",2020-09-23T08:30:30Z,-0.6249,0.339,0.0,0.661
refugee,Politico,By Gary Fineout,How Barbara Lagoa’s fight for Elian Gonzalez shaped her legal career,https://www.politico.com/news/2020/09/25/how-barbara-lagoas-fight-for-elian-gonzalez-shaped-her-legal-career-421539,"But for Lagoa, a judge on the 11th Circuit Court of Appeals who is now among the topcandidates President Donald Trump is considering for the U.S. Supreme Court, the episode became an early cornerston… [+5944 chars]",2020-09-25T08:30:23Z,-0.2732,0.198,0.115,0.687
refugee,Politico,David Siders,"‘It’s a big, big swing’: Trump loses ground with white voters",https://www.politico.com/news/2020/09/21/trump-white-voters-support-418420,"Its the same story in Wisconsin, where Trump won non-college educated white women by 16 percentage points four years ago but is now losing them by 9 percentage points, according to an ABC News/Washin… [+9746 chars]",2020-09-21T08:30:37Z,-0.3182,0.204,0.0,0.796
refugee,Politico,David Siders,Trump’s last rally: A catalog of worst pandemic practices,https://www.politico.com/news/2020/10/04/duluth-is-still-recovering-from-trumps-visit-426119,"The rally was a story of worst practices in a pandemic, with Duluth as the collateral damage. Before Trumps hospitalization and wall-to-wall coverage of his evolving condition, it was in Duluth that … [+6600 chars]",2020-10-05T00:25:45Z,-0.6249,0.369,0.0,0.631
refugee,Politico,By Anna Palmer and Jake Sherman,POLITICO Playbook: President Trump and Melania have Covid-19. What now?,https://www.politico.com/newsletters/playbook/2020/10/02/president-trump-and-melania-have-covid-19-what-now-490505,"Presented by Facebook
President Donald Trump and first lady Melania Trump will remain at home after being diagnosed with Covid-19. | Drew Angerer/Getty Images
DRIVING THE DAY
PRESIDENT DONALD TRUM… [+19287 chars]",2020-10-02T10:16:43Z,0.0,0.0,0.0,1.0
refugee,Politico,Nahal Toosi,The Trump foreign policies Biden might keep,https://www.politico.com/news/2020/09/21/trump-biden-foreign-policy-419130,"For the United States to be a trusted and credible international partner, we have to have greater consistency in our approach. We dont, and we havent for quite some time, said Heather Conley, an anal… [+13460 chars]",2020-09-21T08:30:38Z,0.0,0.0,0.0,1.0
refugee,Politico,By Anna Palmer and Jake Sherman,‘Will you please like me?’,https://www.politico.com/newsletters/playbook/2020/10/14/will-you-please-like-me-490596,"Presented by Facebook
DRIVING THE DAY
WITH 20 DAYS until Election Day, it seems like someone might be reading polls QUOTE OF THE DAY: President DONALD TRUMP, Tuesday night in Johnstown, Pa.: So can… [+18886 chars]",2020-10-14T10:19:04Z,0.5859,0.0,0.615,0.385
refugee,Politico,By Rebecca Rainey and Eleanor Mueller,Senate to vote on another aid package next week,https://www.politico.com/newsletters/weekly-shift/2020/10/14/senate-to-vote-on-another-aid-package-next-week-790974,"Editors Note: Weekly Shift is a weekly version of POLITICO Pros daily Employment &amp; Immigration policy newsletter, Morning Shift. POLITICO Pro is a policy intelligence platform that combines the n… [+11058 chars]",2020-10-14T14:00:59Z,0.0,0.0,0.0,1.0
refugee,Politico,By Rebecca Rainey,RBG’s legacy,https://www.politico.com/newsletters/weekly-shift/2020/09/21/rbgs-legacy-790510,"Editors Note: Weekly Shift is a weekly version of POLITICO Pros daily Employment &amp; Immigration policy newsletter, Morning Shift. POLITICO Pro is a policy intelligence platform that combines the n… [+12828 chars]",2020-09-21T14:00:55Z,0.0,0.0,0.0,1.0
refugee,USA Today,"USA TODAY, San Twin, Opinion contributor",COVID-19 ravaged meat plants: My refugee mother's life is worth more than the bottom line,https://www.usatoday.com/story/opinion/voices/2020/10/01/meat-packing-plants-coronavirus-covid-19-death-column/3586030001/,"My mother came to the United States pursuing the American dream. She died of coronavirus having never met her new grandson and attached to a ventilator.
Meat packing company JBS helped take away wha… [+6383 chars]",2020-10-01T09:00:18Z,0.2263,0.0,0.119,0.881
refugee,USA Today,"USA TODAY, Kim Hjelmgaard, USA TODAY",Trump administration tightens H-1B visa restrictions for foreign workers,https://www.usatoday.com/story/news/2020/10/07/trump-tightens-h-1-b-visa-restrictions-foreign-workers/5906966002/,President Donald Trump signs an executive order to try to bring jobs back to American workers and revamp the H-1B visa guest worker program during a visit to the headquarters of tool manufacturer Sna… [+2329 chars],2020-10-07T11:59:43Z,0.0,0.0,0.0,1.0
refugee,USA Today,"USA TODAY, Lindsay Schnell, USA TODAY",'Like smoking multiple packs a day': Hazardous air quality worries West Coast parents,https://www.usatoday.com/in-depth/news/nation/2020/09/20/california-oregon-wildfires-hazardous-air-quality-fire-smoke-kids-health/3488945001/,"El Dorado Forest Fire rages in San Bernardino County
Winds increased activity of the El Dorado Fire on September 9, San Bernardino firefighters said, as crews made a hard stance to save numerous hom… [+10820 chars]",2020-09-20T10:01:11Z,-0.0772,0.183,0.163,0.654
refugee,USA Today,"USA TODAY, Deirdre Shesgreen, USA TODAY",Trump administration slashes refugee program amid president's campaign attacks on immigrants,https://www.usatoday.com/story/news/world/2020/10/01/trump-moves-slash-refugee-resettlement-amid-campaign-attacks/3574637001/,"Starting a new life in the United States is never easy for refugees. But doing it during a pandemic has created even more struggles, especially after the federal government cut off resettlement fundi… [+5522 chars]",2020-10-01T15:14:23Z,-0.5719,0.343,0.0,0.657
refugee,USA Today,"USA TODAY, Nicquel Terry Ellis, USA TODAY",'Stand back and stand by': Rhetoric some call racist has marked Trump's entire presidency,https://www.usatoday.com/story/news/politics/elections/2020/10/13/hate-speech-common-theme-trumps-presidency/5873238002/,"President Donald Trump and Joe Biden clashed over COVID-19, crime and election integrity during the first presidential debate.
USA TODAY
President Donald Trump has undermined Black Lives Matter pro… [+9240 chars]",2020-10-13T12:00:13Z,-0.6124,0.235,0.0,0.765
refugee,USA Today,"Arizona Republic, The Arizona Republic","Kayla Mueller, ISIS hostage killed in Syria, becomes a focus of Pence-Harris debate",https://www.usatoday.com/story/news/nation/2020/10/08/kayla-mueller-american-killed-syria-mike-pence-debate/5920770002/,"Wednesday's vice presidential debate had sharp moments, some modest interruptions and violations of the debate clock. But the dynamics between Mike Pence and Kamala Harris offered a rare return to so… [+7097 chars]",2020-10-08T10:43:42Z,-0.6705,0.29,0.0,0.71
refugee,USA Today,"USA TODAY, Andy Slavitt, Opinion columnist",Trump's COVID-19 opportunity: Stop mocking masks. Embrace them instead and save lives.,https://www.usatoday.com/story/opinion/2020/10/02/trump-positive-covid-chance-to-promote-masks-save-lives-column/5895939002/,"Many of those who dont wear masks are highly influenced by President Trump. He has the power with his actions to change the course of the disease.
Over 46,000 Americans tested positive for COVID-19 … [+3952 chars]",2020-10-02T18:01:48Z,0.5267,0.243,0.411,0.347
refugee,USA Today,"USA TODAY, Laura Packard, Opinion contributor","I'm a cancer survivor, but I might not survive Amy Coney Barrett on the Supreme Court",https://www.usatoday.com/story/opinion/voices/2020/10/14/affordable-care-act-amy-coney-barrett-obamacare-column/5979031002/,"If President Donald Trump's nominee is confirmed on the court, the Affordable Care Act is on the chopping block and so is my life.
Losing Justice Ruth Bader Ginsburg was an incalculable blow for our… [+6417 chars]",2020-10-14T09:00:30Z,0.6059,0.133,0.327,0.541
refugee,USA Today,"USA TODAY, Dr. Joshua Barocas and Dr. Stefan Baral, Opinion contributors","From Trump on down, people of means have shaped our COVID-19 experience. That must change.",https://www.usatoday.com/story/opinion/2020/10/07/covid-19-focus-struggling-people-not-rich-famous-like-trump-column/3636275001/,"White House butlers, maids, plumbers, florists, doormen and cooks were not in that Rose Garden photo and their positive COVID tests don't make headlines.
When a stone is thrown into a pond, it cause… [+6488 chars]",2020-10-07T09:01:59Z,0.0,0.0,0.0,1.0
refugee,USA Today,"USA TODAY, Megan Sauer, USA TODAY","Rep. Justin Amash, the ex-Republican who tussled with Trump and the GOP, reflects on what's next",https://www.usatoday.com/story/news/politics/elections/2020/09/26/justin-amash-whats-next-ex-republican-and-trump-foe/3491245001/,"Michigan Congressman Justin Amash threw his future into question when he announced hes quitting the Republican Party over a partisan death spiral. Nathan Rousseau Smith has the details.
Buzz60
Ther… [+7897 chars]",2020-09-26T12:58:23Z,0.0,0.0,0.0,1.0
refugee,USA Today,"USA TODAY, Ko Bragg, The 19th",'It's getting worse': Frontline female firefighter on this year's historic season,https://www.usatoday.com/story/news/politics/2020/09/24/its-getting-worse-female-firefighter-2020-fire-season/5826985002/,"This story was published in partnership with The 19th, a nonprofit, nonpartisan newsroom reporting on gender, politics and policy. 
Eleonore Jordan Anderson, 32, was working for the Pacific Crest Tr… [+12612 chars]",2020-09-24T11:00:25Z,0.0,0.0,0.0,1.0
refugee,USA Today,"USA TODAY, Carly Mallenbaum, USA TODAY",Everything coming to Netflix in October: From Adam Sandler's new movie to more 'Schitt's Creek',https://www.usatoday.com/story/entertainment/tv/2020/09/23/new-netflix-october-horror-adam-sandler-more-schitts-creek/3497487001/,"6 new and returning shows coming to tv this fall include ""Fargo"" on FX and ""Ratched"" on Netflix.
USA TODAY
There may be plenty of aspects of Halloween that are canceled this year, but horror is not… [+12351 chars]",2020-09-23T14:00:19Z,0.0,0.0,0.0,1.0
refugee,USA Today,"Arizona Republic, Daniel Gonzalez, Arizona Republic","124 immigrant children held in 3 Phoenix hotels under Trump policy, court records show",https://www.usatoday.com/story/travel/hotels/2020/09/24/under-trump-policy-124-immigrant-children-held-hotels-phoenix-court-records-show/3514509001/,"Albert Law says he was floored by a question from a security guard after checking into a Hilton hotel in Richmond, Virginia.
USA TODAY
A federal judge has given the Trump administration until Sept.… [+9677 chars]",2020-09-24T11:35:59Z,0.0,0.0,0.0,1.0
refugee,NBC News,Kimmy Yam,"Asian American voters support Biden at 54% and Trump at 30%, but numbers don't tell full story",https://www.nbcnews.com/news/asian-america/asian-american-voters-support-biden-54-trump-30-numbers-don-n1240263,"With less than two months until the presidential election, Asian American and Pacific Islander voters are favoring Democratic candidate Joe Biden, according to a survey published Tuesday that examine… [+6756 chars]",2020-09-16T22:57:49Z,0.2144,0.0,0.104,0.896
refugee,NBC News,Victoria Namkung,First Asian American Pulitzer board member on how his new role transcends literature,https://www.nbcnews.com/news/asian-america/viet-thanh-nguyen-1st-asian-american-pulitzer-board-member-how-n1240844,"Viet Thanh Nguyen's life changed when he won the Pulitzer Prize for fiction in 2016 for his startling debut novel, ""The Sympathizer."" In recent years, Nguyen, the hypervisible Aerol Arnold Chair of E… [+6254 chars]",2020-09-29T16:03:01Z,0.0,0.0,0.0,1.0
refugee,NBC News,Janelle Griffith,Colorado officer who pointed gun at doctor's head on his own property suspended 1 week,https://www.nbcnews.com/news/us-news/colorado-officer-who-pointed-gun-doctor-s-head-his-own-n1240336,"A police officer in Aurora, Colorado, who pointed a gun at an Indian American doctor trying to park at a refugee center he owns and operates has been suspended for 40 hours without pay.
Officer Just… [+6079 chars]",2020-09-17T21:26:00Z,-0.6705,0.314,0.0,0.686
refugee,NBC News,Ani Bundel,Chris Rock is the surprise highlight of 'Fargo's' ambitious new season,https://www.nbcnews.com/think/opinion/fargo-chris-rock-isn-t-most-exciting-season-it-may-ncna1241184,"The 1996 film Fargo was perhaps not the obvious choice for a prestige TV series, given how rare it is for award-winning, acclaimed films to get turned into successful TV shows. But the resulting anth… [+5649 chars]",2020-09-27T18:19:44Z,0.765,0.0,0.487,0.513
refugee,NBC News,Abigail Williams and Saphora Smith,Trump plans to slash refugee admissions to U.S. to a record low,https://www.nbcnews.com/news/us-news/trump-plans-slash-refugee-admissions-u-s-record-low-n1241672,"The Trump administration has proposed to further slash the number of refugees admitted to the United States in the coming fiscal year to a record low.
The administration intends to admit up to 15,00… [+3706 chars]",2020-10-01T13:10:53Z,-0.4939,0.318,0.0,0.682
refugee,NBC News,Chuck Todd and Mark Murray and Carrie Dann and Melissa Holzberg,Trump's positive test guarantees the coronavirus will dominate the final weeks of campaign,https://www.nbcnews.com/politics/meet-the-press/trump-s-positive-test-ensures-coronavirus-will-dominate-last-weeks-n1241807,"WASHINGTON At least 7.3million Americans have had the coronavirus, according to the latest figures. And late last night, we learned two of them were the president of the United States and the first l… [+7310 chars]",2020-10-02T13:32:00Z,0.4767,0.093,0.224,0.683
refugee,NBC News,Lakshmi Gandhi,"In many Asian languages, 'LGBTQ' doesn't translate. Here's how some fill the gaps.",https://www.nbcnews.com/news/asian-america/many-asian-languages-lgbtq-doesn-t-translate-here-s-how-n1242314,"For writer and artist Trung Le Nguyen, sharing stories was always a way for his family to learn and grow together.
Nguyen, who was born in a Vietnamese refugee camp in the Philippines, moved to the … [+8354 chars]",2020-10-10T13:38:59Z,0.0,0.0,0.0,1.0
refugee,NBC News,Alasdair Lane and Adela Suliman,'A crisis of humanity': Migrants take on treacherous journey from France to Britain,https://www.nbcnews.com/news/world/crisis-humanity-migrants-take-treacherous-journey-france-britain-n1239652,"LONDON Clad head to toe in newly bought all-black clothes that held no scent, as instructed by the smugglers who bundled him into the back of a truck, this is how Md Mominul Hamid's life in Britain b… [+7182 chars]",2020-09-20T08:30:23Z,-0.6249,0.255,0.0,0.745
refugee,NBC News,Chuck Todd and Mark Murray and Carrie Dann and Melissa Holzberg,Biden outspent Trump $153 million to $57 million on ads in a single month,https://www.nbcnews.com/politics/meet-the-press/biden-outspent-trump-153-million-57-million-ads-single-month-n1241681,"WASHINGTON Weve told you how Joe Biden passed President Trump in the money race. Now lets show you how Biden is spending his money and how Trump isnt, at least over the advertising airwaves.
In the … [+4688 chars]",2020-10-01T12:58:00Z,0.0,0.0,0.0,1.0
refugee,NBC News,Daniella Silva,Acting DHS secretary calls claims of manipulating intelligence reports 'patently false',https://www.nbcnews.com/news/us-news/acting-dhs-secretary-chad-wolf-calls-whistleblower-claims-manipulating-intelligence-n1240864,"Acting Homeland Security Secretary Chad Wolf faced a range of tough allegations Wednesday before a Senate panel on how the department handled intelligence assessments, a contract awarded to his wifes… [+4609 chars]",2020-09-23T19:48:05Z,0.1531,0.171,0.212,0.616
refugee,NBC News,Raul A. Reyes,Resilience amid violence: Author digs into El Salvador's and his family's past,https://www.nbcnews.com/news/latino/unforgetting-roberto-lovato-traces-el-salvador-s-his-family-s-n1240468,"The drawing that the child migrant showed the journalist Roberto Lovato featured turquoise clouds, stick people and a big white moon.
Here is how I hope we can live here, said David, a 6-year-old in… [+6672 chars]",2020-09-23T19:35:00Z,-0.6249,0.272,0.0,0.728
refugee,Fox News,Morgan Phillips,Trump says Joe Biden 'will turn Minnesota into a refugee camp',https://www.foxnews.com/politics/trump-rally-minnesota,"President Trump told a crowd of supporters in Bemidji, Minnesota that Joe Biden ""will turn Minnesota into a refugee camp.""
The president hit refugees, in particular Somali nationals, who committed c… [+5123 chars]",2020-09-19T00:23:39Z,0.0,0.0,0.0,1.0
refugee,Fox News,Audrey Conklin,"In Minnesota Biden would open 'flood gates' to terrorism, Trump says",https://www.foxnews.com/politics/minnesota-trump-biden-terrorism,"During a rally in Duluth, Minn., on Wednesday, President Trump said that Democratic presidential nominee Joe Biden would turn Minnesota into a ""refugee camp"" and open ""the flood gates to radical Isla… [+3168 chars]",2020-10-01T15:08:33Z,-0.6808,0.315,0.0,0.685
refugee,Fox News,Naledi Ushe,Angelina Jolie gives generous donation to boys’ lemonade stand raising money for Yemen,https://www.foxnews.com/entertainment/angelina-jolie-donates-yemen-relief-boys-lemonade-stand-raising-money,"Angelina Jolie made an “extremely generous” donation to two 6-year-old boys who set up a lemonade stand fundraiser for Yemen amid its humanitarian crisis.
Although Jolie, 45, never visited Ayaan Moo… [+2529 chars]",2020-09-14T12:32:25Z,0.5106,0.0,0.216,0.784
refugee,Fox News,Brie Stimson,Ilhan Omar fires back after Trump's rally attack: 'This is my country',https://www.foxnews.com/politics/ilhan-omar-fires-back-after-trumps-rally-attack-this-is-my-country,"Rep. Ilhan Omar, D-Minn., fired back at President Trump on Tuesday night after he told a rally crowd she was lecturing Republicans on how to run the country and referenced her native Somalia.
“She’s… [+1881 chars]",2020-09-23T09:34:28Z,-0.4767,0.22,0.0,0.78
refugee,Fox News,Evie Fordham,Brad Parscale faces attacks from Trump critics after hospitalization,https://www.foxnews.com/politics/brad-parscale-hospitalized-fort-lauderdale-trump,"Critics of President Trump took aim at his former campaign manager Brad Parscale after officials said Parscale was hospitalized after threatening to harm himself on Sunday night.
TRUMP'S EX-CAMPAIGN… [+2861 chars]",2020-09-28T16:34:42Z,-0.6249,0.421,0.0,0.579
refugee,Fox News,Hollie McKay,"How US can help China's Uighurs, who suffer disappearances, forced abortions, other atrocities",https://www.foxnews.com/world/uighurs-china-united-states-human-rights,"For Ziba Murat, waiting for word of what became of her ailing mother after she abruptly disappeared in the Muslim-majority Xinjian region of northwestern China following a fractured phone conversatio… [+10268 chars]",2020-09-17T19:07:01Z,-0.5859,0.339,0.141,0.521
refugee,Fox News,Chris Stirewalt,"Pelosi, Mnuchin try to jam Senate GOP",https://www.foxnews.com/politics/pelosi-mnuchin-try-to-jam-senate-gop,"**Want FOX News Halftime Report in your inbox every day? Sign up here.**
On the roster: Pelosi, Mnuchin try to jam Senate GOP - I’ll Tell You What: You gotta pay the cost to be the boss - Commission… [+28401 chars]",2020-10-01T19:43:20Z,0.0,0.0,0.0,1.0
refugee,CBS News,Camilo Montoya-Galvez,"Trump administration sets refugee cap at 15,000, a record low",https://www.cbsnews.com/news/trump-administration-refugee-resettlement-cap-historic-low/,"The Trump administration said it is planning to take in no more than 15,000 refugees in fiscal year 2021, slashing resettlement spots to yet another historic low as millions of people around the worl… [+4240 chars]",2020-10-01T15:15:15Z,-0.2732,0.208,0.0,0.792
refugee,CBS News,George Baghdadi,"As country crumbles, Syrians face ""terrifying"" option of refugee life",https://www.cbsnews.com/news/syria-war-refugees-difficult-decision-as-economy-collapses-under-civil-war-and-sanctions/,"Damascus — Saleem sees no hope for his future in Syria. At just 25, he's made a good living as a singer at a restaurant in the capital's old town. Now he's saving whatever he can to finance what he e… [+4324 chars]",2020-09-17T09:32:30Z,0.0,0.0,0.0,1.0
refugee,CBS News,CBS News,"10/11/2020: Genetic Revolution, The Youngest Refugees, Vision of Music",https://www.cbsnews.com/video/10112020-genetic-revolution-the-youngest-refugees-vision-of-music/,,2020-10-12T03:00:34Z,0.25,0.0,0.2,0.8
refugee,CBS News,CBS News,Emotional coping tactics for young kids,https://www.cbsnews.com/news/sesame-street-teaching-children-refugees-from-syria-to-cope-with-emotions-60-minutes-2020-10-11/,"With the average length of refugee displacement approaching 20 years, non-governmental organizations (NGOs) have had to rethink their approaches to providing services for this vulnerable population. … [+2524 chars]",2020-10-12T00:41:53Z,0.1531,0.0,0.242,0.758
refugee,CBS News,Lesley Stahl,Sesame and the IRC join forces to help Syrian refugee children,https://www.cbsnews.com/news/sesame-street-international-rescue-committee-help-syria-refugee-children-60-minutes-2020-10-11/,"There are more people living as refugees around the world today than at any time since World War II. And with conflicts dragging on for years, being a refugee now often means not going home for decad… [+11700 chars]",2020-10-12T00:44:24Z,0.5994,0.0,0.353,0.647
refugee,CBS News,CBS News,Sesame and the IRC join forces to help Syrian refugee children,https://www.cbsnews.com/video/sesame-street-international-rescue-committee-help-syria-refugee-children-60-minutes-2020-10-11/,,2020-10-12T00:20:29Z,0.5994,0.0,0.353,0.647
refugee,CBS News,Camilo Montoya-Galvez,15-year-old girl facing deportation after hospital arrest,https://www.cbsnews.com/news/15-year-old-girl-who-spent-her-life-in-the-u-s-facing-deportation-after-hospital-arrest/,A 15-year-old girl who has lived in the U.S. with her family since she was an infant is now alone in government custody and facing deportation after she was arrested by Customs and Border Protection … [+3522 chars],2020-09-26T03:04:21Z,-0.34,0.286,0.0,0.714
refugee,CBS News,Camilo Montoya-Galvez,U.S. stops holding migrant children in hotels,https://www.cbsnews.com/news/u-s-stops-holding-migrant-children-in-hotels-but-says-they-can-still-be-expelled/,"The Trump administration has quietly stopped its controversial practice of holding migrant children in hotels before expelling them from the southern border, though it says these minors can still be … [+8441 chars]",2020-10-01T23:41:05Z,-0.1531,0.211,0.0,0.789
refugee,CBS News,Pamela Falk,"Women's rights are faltering, United Nations says",https://www.cbsnews.com/news/womens-rights-are-faltering-united-nations-says/,"United Nations — The U.N. on Thursday commemorated 25 years since a world declaration was agreed to in Beijing to advance women's rights. But progress is faltering, the U.N. says.  
""Due to the pand… [+5734 chars]",2020-10-01T22:30:49Z,0.4215,0.0,0.318,0.682
refugee,CBS News,Camilo Montoya-Galvez,Trump-Biden race to dictate fate of U.S. immigration for generations,https://www.cbsnews.com/news/trump-biden-2020-immigration-policies/,"The 2020 presidential election will pit two drastically different visions on immigration against each other, with the victor retaining or assuming broad executive authorities that have dominated poli… [+17636 chars]",2020-09-28T20:00:05Z,0.0,0.0,0.0,1.0
refugee,CBS News,CBS News,When 60 Minutes met the Nobel Peace Prize winners,https://www.cbsnews.com/news/60-minutes-nobel-peace-prize-winners-2020-10-04/,"Twelve years ago, Anderson Cooper travelled to the Democratic Republic of Congo, where a civil war had turned into a war against women. Soldiers used rape as a weapon of war, destroying not only the … [+3021 chars]",2020-10-05T00:28:49Z,0.872,0.0,0.623,0.377
refugee,CBS News,Camilo Montoya-Galvez,Border arrests rise for fifth consecutive month,https://www.cbsnews.com/news/border-arrests-rise-for-fifth-consecutive-month/,"U.S. immigration authorities along the southern border made more than 57,000 apprehensions of undocumented migrants last month, as crossings by single adults, families and unaccompanied minors contin… [+3954 chars]",2020-10-14T21:51:32Z,-0.4404,0.326,0.0,0.674
refugee,CBS News,CBS News,Migrant caravan sets off from Honduras with eyes on U.S. border,https://www.cbsnews.com/news/migrant-caravan-sets-off-honduras-guatamala-mexico-eyes-on-us-border-immigration/,"San Pedro Sula, Honduras — Hundreds of migrants began walking Wednesday night from this city in northern Honduras toward the Guatemala border, testing a well-trod migration route now in times of the … [+4806 chars]",2020-10-01T07:40:43Z,0.0,0.0,0.0,1.0
refugee,CBS News,Scott Pelley,Nadia Murad's mission to hold ISIS accountable,https://www.cbsnews.com/news/nobel-peace-prize-recipient-nadia-murad-amal-clooney-isis-court-60-minutes-2020-10-04/,"She wore a scarf in our first interview because she did not want you to know her. She was a humble 21-year-old from a poor farm family. Her dream was to own a hair salon in her village of nearly 2,00… [+11042 chars]",2020-10-05T00:30:42Z,0.0,0.0,0.0,1.0
refugee,CBS News,Caitlin Conant,2020 Daily Trail Markers: Debate prep is in full swing for Trump and Biden,https://www.cbsnews.com/news/2020-daily-trail-markers-debate-prep-is-in-full-swing-for-trump-and-biden-2020-09-28/,Debate preparation is in full swing for President Trump and Joe Biden ahead of their first debate matchup on Tuesday evening. Mr. Trump has dispensed with traditional formal rehearsals and scripted p… [+22896 chars],2020-09-29T00:16:59Z,0.0,0.0,0.0,1.0
refugee,Breitbart News,"Amy Furr, 
Amy Furr",WATCH-- Trump Tells Minnesota Rally Crowd: 'I'm Your Wall Between American Dream and Chaos',https://www.breitbart.com/2020-election/2020/09/18/trump-minnesota-rally-crowd-im-wall-between-american-dream-chaos/,"If it were up to the radical left Democrats that surround presidential candidate Joe Biden, criminals would be “running all over” Minnesota, President Donald Trump said Friday at his rally in Bemidji… [+1874 chars]",2020-09-19T03:44:43Z,-0.4019,0.209,0.113,0.678
refugee,Breitbart News,Mike Rivero,Hungary Strikes Back Against E.U. ‘Open Borders’ Propaganda,https://www.breitbart.com/immigration/2020/09/15/hungary-strikes-back-against-e-u-open-borders-propaganda/,"ROME The Hungarian government has rejected new calls for open borders, insisting on the right of sovereign states to control their own borders.
Government spokesman Zoltan Kovacs responded sharply t… [+3933 chars]",2020-09-16T12:39:52Z,-0.5423,0.429,0.0,0.571
refugee,Breitbart News,Neil Munro,Washington Post: Only ‘Bigots’ Oppose Large Refugee Inflows,https://www.breitbart.com/politics/2020/10/06/washington-post-only-bigots-oppose-large-refugee-inflows/,"President Donald Trump’s decision to accept 15,000 refugees in 2020 only helps “bigots,” says Catherine Rampell, a pro-migration columnist at the Washington Post.
“The only constituency helped by Tr… [+6473 chars]",2020-10-06T22:18:19Z,0.0,0.0,0.0,1.0
refugee,Breitbart News,John Binder,Trump Ad: Joe Biden to Hike Refugees by 700 Percent During Coronavirus Crisis,https://www.breitbart.com/politics/2020/09/21/trump-ad-joe-biden-to-hike-refugees-by-700-percent-during-coronavirus-crisis/,"A new campaign ad for President Trump notes Democrat presidential candidate Joe Biden’s plan to hike refugee resettlement to the United States by 700 percent during the Chinese coronavirus crisis.
“… [+1886 chars]",2020-09-21T20:35:35Z,-0.6249,0.255,0.0,0.745
refugee,Breitbart News,John Binder,Trump Further Reduces Obama’s Refugee Inflow to U.S. by 80 Percent,https://www.breitbart.com/politics/2020/10/01/trump-further-reduces-obamas-refugee-inflow-to-u-s-by-80-percent/,"President Trump is further reducing the inflow of refugees to the United States, cutting their resettlement by 80 percent compared to former President Obama’s last year in office.
This week, Trump a… [+2163 chars]",2020-10-01T20:05:09Z,0.0,0.0,0.0,1.0
refugee,Breitbart News,"Thomas D. Williams, Ph.D.",Jesuit Cardinal: Europe Must ‘Open the Doors’ to Migrants,https://www.breitbart.com/immigration/2020/09/14/jesuit-cardinal-europe-must-open-the-doors-to-migrants/,"ROME The progressive leader of the Bishops Conferences of the European Community (COMECE) has called on Europeans to open their doors to migrants stranded in camps in Libya, Lesbos, and Lampedusa.
O… [+2679 chars]",2020-09-14T15:27:07Z,0.0,0.0,0.0,1.0
refugee,Breitbart News,Joshua Caplan,"Ilhan Omar: Hate for Me Is ‘Anti-Muslim, Anti-Immigrant, Anti-Black, Sexist’",https://www.breitbart.com/politics/2020/09/21/ilhan-omar-hate-for-me-is-anti-muslim-anti-immigrant-anti-black-sexist/,"Rep. Ilhan Omar (D-MN) touted her intersectional oppression in a recent interview with the New York Times, lamenting that she constantly has to “deal with the hate of anti-Muslim, anti-immigrant, ant… [+2165 chars]",2020-09-21T20:07:26Z,-0.5719,0.291,0.0,0.709
refugee,Breitbart News,Simon Kent,Michael Keaton to Joe Biden: ‘No More Debates. You Won. Walk Away’,https://www.breitbart.com/entertainment/2020/09/30/michael-keaton-to-joe-biden-no-more-debates-you-won-walk-away/,"Actor Michael Keaton declared Democrat presidential candidate Joe Biden the winner of Tuesday presidential debate and demanded that he commit to do ‘no more debates” with President Donald Trump.
The… [+2994 chars]",2020-09-30T14:01:47Z,0.6077,0.0,0.265,0.735
refugee,Breitbart News,Lucas Nolan,"Facebook to Reject Political Ads that Question Election, Voting Methods",https://www.breitbart.com/tech/2020/10/01/facebook-to-reject-political-ads-that-question-election-voting-methods/,"Social media giant Facebook has announced plans to reject political ads that attempt to link topics such as mail-in voting to allegations of voting fraud.
The Hill reports that a Facebook official r… [+1727 chars]",2020-10-01T17:01:57Z,-0.4019,0.231,0.0,0.769
refugee,Breitbart News,Charlie Spiering,Minnesota Supporters Chant ‘Lock Her Up’ as Trump Mentions Ilhan Omar,https://www.breitbart.com/politics/2020/09/30/supporters-chant-lock-her-up-trump-mentions-ilhan-omar/,"Supporters of President Donald Trump on Wednesday chanted, “lock her up,” when the president referred to recent reporting exposing an organized ballot harvesting scheme in Minneapolis connected to Re… [+1469 chars]",2020-10-01T03:42:52Z,0.4404,0.0,0.225,0.775
refugee,Breitbart News,Victoria Friedman,"Patel Criticises Illegals 'Shopping Around' for Asylum, Vows 'Firm and Fair' Refugee System",https://www.breitbart.com/europe/2020/10/05/patel-criticises-illegals-shopping-around-asylum-vows-firm-fair-refugee-system/,"Home Secretary Priti Patel has vowed to reform the UK’s “fundamentally broken” asylum system, including refusing asylum to migrants who arrive in the UK illegally.
The Home Secretary promised “the b… [+4499 chars]",2020-10-05T08:21:02Z,0.0,0.147,0.147,0.705
refugee,Breitbart News,John Binder,Amy Schumer Posts Staged Photo of Mannequins in Cages in Get Out the Vote Screed Against America’s ‘Caste System’,https://www.breitbart.com/entertainment/2020/10/09/amy-schumer-posts-staged-photo-of-mannequins-in-cages-in-get-out-the-vote-screed-against-americas-caste-system/,Actress and leftist activist Amy Schumer posted a staged photo of mannequin dolls in cages in a social media rant urging people to vote against America’s “caste system.” Schumer’s screed to her 10 mi… [+2042 chars],2020-10-09T16:35:04Z,0.0,0.0,0.0,1.0
refugee,Breitbart News,Lucas Nolan,Facebook Removes Trump Campaign Ad,https://www.breitbart.com/tech/2020/10/01/facebook-removes-trump-campaign-ad/,"Facebook has reportedly removed a recent ad from the Trump campaign, claiming that the ad features factually incorrect information about refugees and the coronavirus pandemic.
NBC News reports that … [+2173 chars]",2020-10-02T00:33:29Z,0.0,0.0,0.0,1.0
refugee,Breitbart News,Chris Tomlinson,Over 100 Migrants Jump Overboard from NGO Vessel to Reach Italy,https://www.breitbart.com/europe/2020/09/20/over-100-migrants-jump-overboard-from-ngo-vessel-to-reach-italy/,"Nearly half the migrants aboard a Spanish migrant transport NGO vessel stuck off the coast of Sicily by Italian authorities jumped overboard in a bid to reach Italian shores.
The Spanish NGO Open Ar… [+2460 chars]",2020-09-20T17:46:43Z,0.0258,0.0,0.099,0.901
refugee,Breitbart News,"Thomas D. Williams, Ph.D.",Pope Francis Says More Voices Must Be Heard to Beat Coronavirus,https://www.breitbart.com/health/2020/09/23/pope-francis-says-more-voices-must-be-heard-beat-coronavirus/,"ROME Pope Francis declared Wednesday that everyones voice is important to beat the coronavirus, not just those of experts, the wealthy, and the powerful.
Rejecting a strictly top-down approach to de… [+2192 chars]",2020-09-23T15:39:55Z,0.0,0.0,0.0,1.0
refugee,Breitbart News,Pam Key,Omar: ‘I Resent’ Anyone Who Says Trump ‘Is Not Racist’ — We Have ‘Fascist in the White House’,https://www.breitbart.com/clips/2020/10/01/omar-i-resent-anyone-who-says-trump-is-not-racist-we-have-fascist-in-the-white-house/,"Representative Ilhan Omar (D-MN) said she resented anyone claiming President Donald Trump was not a racist on Thursday’s broadcast of MSNBC’s “Live.”
In a video clip from lastnight’s Minnesota rally… [+2909 chars]",2020-10-01T20:32:15Z,0.0,0.0,0.0,1.0
refugee,Breitbart News,Kurt Zindulka,‘We Have Space’ Thousands of Germans Protest For MORE Migrants After Moria Camp Fire,https://www.breitbart.com/europe/2020/09/21/we-have-space-thousands-of-germans-protest-for-more-migrants-after-moria-camp-fire/,"Thousands of protesters took to the streets of Germany on Sunday to demand that the government take in more migrants following the fire that destroyed the Moria migrant camp in Greece.
In Berlin, ar… [+2848 chars]",2020-09-21T16:43:27Z,-0.5267,0.268,0.0,0.732
refugee,Breitbart News,Gabrielle Reyes,North Korea at U.N. Claims Coronavirus Situation ‘Safe and Stable’,https://www.breitbart.com/asia/2020/09/29/north-korean-envoy-claims-coronavirus-situation-safe-and-stable-at-u-n/,"North Korea’s coronavirus situation is “now under safe and stable control,” the country’s top envoy said at the U.N.’s 75th annual General Assembly on Tuesday.
North Korean Ambassador Kim Song spoke… [+3248 chars]",2020-09-30T13:16:56Z,0.0,0.0,0.0,1.0
refugee,Breitbart News,Kurt Zindulka,Report: Illegal Boat Migrants Sign Slave Labour ‘Pact’ with Traffickers to Reach UK,https://www.breitbart.com/europe/2020/09/21/report-illegal-boat-migrants-sign-slave-labour-pact-traffickers-reach-uk/,"Illegal boat migrants are reportedly making ‘pacts’ with human trafficking networks to serve as slave labourers in order to pay off the fees charged for crossing the English Channel from France.
Off… [+3817 chars]",2020-09-21T12:33:42Z,-0.5423,0.229,0.07,0.701
refugee,Breitbart News,Chris Tomlinson,At least 851 Illegal Migrants on French Terror Watchlist,https://www.breitbart.com/europe/2020/10/14/at-least-851-illegal-migrants-french-terror-watchlist/,"There are at least 851 illegal immigrants on France’s terror watchlist, according to Interior Minister Gerald Darmanin.
Interior Minister Darmanin stated on Tuesday that 231 illegal migrants were ma… [+2121 chars]",2020-10-14T08:03:37Z,-0.7906,0.5,0.0,0.5
refugee,Breitbart News,Chris Tomlinson,Sweden: Thousands of 2015 Crisis Migrants Have Allegedly Disappeared,https://www.breitbart.com/europe/2020/10/07/sweden-thousands-of-2015-crisis-migrants-have-allegedly-disappeared/,"Around 24,000 migrants who arrived during the height of the 2015 crisis are living in Sweden without permission or have disappeared, according to the migration board.
Of the 163,000 migrants who arr… [+2229 chars]",2020-10-07T09:05:46Z,-0.7184,0.462,0.0,0.538
refugee,Breitbart News,Chris Tomlinson,Spanish Canary Islands See 'Unsustainable' 700 Per Cent Rise in Migrants,https://www.breitbart.com/europe/2020/10/08/spanish-canary-islands-see-unsustainable-700-per-cent-rise-migrants/,"The Spanish Canary Islands have seen a massive 700 per cent rise in illegal migrant arrivals in 2020 and European Union officials are calling the influx “unsustainable”.
European Union Home Affairs … [+2140 chars]",2020-10-08T16:00:39Z,0.0,0.0,0.0,1.0
refugee,Breitbart News,Chris Tomlinson,Nearly Half of Young People in North Africa and Middle East Want to Migrate,https://www.breitbart.com/europe/2020/10/09/nearly-half-young-people-north-africa-middle-east-want-migrate/,"Nearly half of the young people in North Africa and the Middle East say they are either actively trying to migrate or are considering migrating to another country, according to the 12th ASDA’A BCW Ar… [+2206 chars]",2020-10-09T08:52:46Z,0.0772,0.0,0.091,0.909
refugee,Breitbart News,Chris Tomlinson,Italy: Majority of Migrants Rejected for Asylum But Stay in Country Anyway,https://www.breitbart.com/europe/2020/09/29/italy-majority-of-migrants-rejected-for-asylum-but-stay-in-country-anyway/,"Italian asylum case figures show an overwhelming majority of migrants coming into the country are not approved for asylum but nearly none of the rejected asylum seekers are actually deported.
Data f… [+2874 chars]",2020-09-29T11:44:00Z,-0.5106,0.231,0.0,0.769
refugee,Breitbart News,Kurt Zindulka,First Hijab-Wearing Mayor in UK Quits Labour Party Alleging Islamophobia,https://www.breitbart.com/europe/2020/10/14/first-hijab-wearing-mayor-in-uk-quits-labour-party-alleging-islamophobia/,"The first woman in the UK to serve as a mayor while wearing a hijab has resigned from the left-wing Labour Party, alleging that there are Islamophobic and racist elements embedded within the ranks of… [+3186 chars]",2020-10-14T08:10:04Z,0.4019,0.0,0.231,0.769
refugee,Breitbart News,Virginia Hale,. UN Insists Record Boat Migrant Numbers 'Not a Threat' to Britain,https://www.breitbart.com/europe/2020/10/01/un-boat-migrants-threat-britain/,"Record numbers of illegal immigrants crossing the English Channel are not a threat to Britain, and could even be a boon for taxpayers, the United Nations (UN) has claimed.
Speaking to the Commons Ho… [+4550 chars]",2020-10-01T09:20:20Z,0.4168,0.0,0.236,0.764
refugee,Bloomberg,,Faith Groups Decry Trump's Plans for Record Low Refugee Cap,https://www.bloomberg.com/news/articles/2020-10-01/faith-groups-decry-trump-s-plans-for-record-low-refugee-cap,,2020-10-01T17:55:51Z,0.1779,0.163,0.217,0.62
refugee,Bloomberg,Kitty Donaldson,Johnson Mulls Holding U.K. Asylum Applicants on Ships Offshore,https://www.bloomberg.com/news/articles/2020-10-01/johnson-mulls-holding-u-k-asylum-applicants-on-ships-offshore,,2020-10-01T12:03:51Z,0.0,0.0,0.0,1.0
refugee,Al Jazeera English,Al Jazeera,Does anyone care about the Moria refugees?,https://www.aljazeera.com/program/the-stream/2020/9/26/does-anyone-care-about-the-moria-refugees/,"There is a lack of food, water and toilet facilities at Kara Tepe, forcing people to urinate in the sea and near tents.",2020-09-26T20:48:12Z,0.4939,0.0,0.348,0.652
refugee,Al Jazeera English,Al Jazeera,German police found sharing racist messages in group chats,https://www.aljazeera.com/news/2020/09/german-police-sharing-racist-messages-group-chats-200916132300658.html,"Five far-right chat groups have been discovered among members of police forces in western Germany, in what a the local government has called a ""disgrace"".
Some 126 pictures were shared in the groups… [+1605 chars]",2020-09-16T13:52:32Z,-0.296,0.29,0.203,0.507
refugee,Al Jazeera English,,Refugees flee as fire destroys Greece's overcrowded Moria camp,https://www.aljazeera.com/programmes/newsfeed/2020/09/refugees-flee-fire-destroys-greece-overcrowded-moria-camp-200914075038457.html,,2020-09-14T10:05:32Z,-0.7184,0.462,0.0,0.538
refugee,Al Jazeera English,"Katy Fallon, Nazanin Froghi",Refugee journalists in Lesbos tell their own stories,https://www.aljazeera.com/news/2020/9/24/greece-refugee-journalists,"Lesbos, Greece In the wake of the fire that destroyed large parts of the Moria refugee camp, a group of former residents have been documenting the aftermath.
The students of ReFOCUS Media Labs, co-f… [+3959 chars]",2020-09-24T13:28:12Z,0.0,0.0,0.0,1.0
refugee,Al Jazeera English,Al Jazeera,Trump set to miss required deadline for 2021 refugee quota,https://www.aljazeera.com/news/2020/9/30/trump-looks-set-to-miss-required-deadline-for-2021-refugee-quota,"US President Donald Trump appears to be ignoring a deadline to establish how many refugees will be allowed into the United States next year, raising uncertainty about the future of the 40-year-old re… [+3437 chars]",2020-09-30T23:44:21Z,-0.1531,0.151,0.0,0.849
refugee,Al Jazeera English,Manos Moschopoulos,The ashes of Moria refugee camp could poison European politics,https://www.aljazeera.com/opinions/2020/9/23/the-ashes-of-moria-refugee-camp-could-poison-european-politics/,"Even by the grim standards of Greeces reception system, the September 8 fire at the Moria refugee camp is an unprecedented humanitarian catastrophe. It was not the first fire at the camp and it was e… [+5473 chars]",2020-09-23T11:43:49Z,-0.5423,0.28,0.0,0.72
refugee,Al Jazeera English,Al Jazeera,Italian PM Conte to testify in Salvini refugee abuse case,https://www.aljazeera.com/news/2020/10/3/italian-premier-to-testify-in-salvinis-hearing-on-migrant-abuse,Italian Prime Minister Giuseppe Conte and other senior officials have been called to testify at the next pre-trial hearing on an abuse of power case against far-right opposition leader Matteo Salvini… [+3526 chars],2020-10-03T18:51:42Z,-0.6369,0.318,0.0,0.682
refugee,Al Jazeera English,Al Jazeera,Amnesty urges EU to rethink Libya cooperation over refugee abuse,https://www.aljazeera.com/news/2020/9/24/amnesty-urges-eu-to-rethink-libya-cooperation-over-migrant-abuse,"A prominent rights group has called on the European Union to reconsider its cooperation with Libya over horrific abuses being committed against refugees and migrants in the North African country.
In… [+3222 chars]",2020-09-24T09:03:01Z,-0.6369,0.318,0.0,0.682
refugee,Al Jazeera English,Efi Latsoudi,"Do not close Pikpa down, replicate it",https://www.aljazeera.com/opinions/2020/10/13/do-not-close-pikpa-down-replicate-it/,"On the morning of September 10, just hours after a massive fire tore through the Moria refugee camp on the Greek island of Lesbos, women at Pikpa, a small volunteer- and refugee-run shelter on the sa… [+4469 chars]",2020-10-13T07:55:32Z,0.0,0.0,0.0,1.0
refugee,Al Jazeera English,Al Jazeera,"Trump to limit 2021 US refugee admissions to 15,000, a record low",https://www.aljazeera.com/news/2020/10/1/trump-plans-to-limit-us-refugee-admissions-to-a-record-low,"The US State Department has notified Congress the United States anticipates resettling 15,000 refugees in the United States during the fiscal 2021 year, a record low number.
The government estimate,… [+4416 chars]",2020-10-01T17:08:55Z,-0.2732,0.174,0.0,0.826
refugee,Al Jazeera English,Peter Yeung,Lead poisoning fears at Greek refugee camp built on military site,https://www.aljazeera.com/news/2020/10/2/lead-poisoning-greece,"Asylum seekers living at a new refugee camp in Lesbos, which was built by the Greek army on a former military shooting range following the burning of Moria last month, could be at serious risk of lea… [+3534 chars]",2020-10-02T13:51:22Z,-0.765,0.423,0.0,0.577
refugee,Al Jazeera English,Al Jazeera,Several killed in ‘gang war’ at Rohingya camps in Bangladesh,https://www.aljazeera.com/news/2020/10/9/several-killed-in-gang-war-at-rohingya-camps-in-bangladesh,"A turf war between criminal armed groups in Rohingya camps in southern Bangladesh has killed at least eight people and forced thousands to flee following clashes in recent days, police and humanitari… [+1913 chars]",2020-10-09T05:47:15Z,-0.6705,0.333,0.0,0.667
refugee,Al Jazeera English,Jan Egeland,The little talked about side-effects of COVID-19,https://www.aljazeera.com/opinions/2020/9/25/the-little-talked-about-side-effects-of-covid-19/,"In March, we predicted that the 70 million people fleeing violence and persecution across the world would be hit hardest by the coronavirus pandemic. I underestimated the impact of the disease. Its k… [+5335 chars]",2020-09-25T07:53:03Z,0.0,0.0,0.0,1.0
refugee,Al Jazeera English,Al Jazeera,Rohingya living in ‘open prison’ in Myanmar: Human Rights Watch,https://www.aljazeera.com/news/2020/10/8/rohingya-report,"Approximately 130,000 Rohingya Muslims who remain in refugee camps in Myanmars conflict-torn Rakhine state live under squalid and abusive conditions, Human Rights Watch (HRW) said on Thursday urging … [+4969 chars]",2020-10-08T04:23:09Z,0.0,0.0,0.0,1.0
refugee,Al Jazeera English,Katy Fallon,"After fire destroyed Greek camp, refugees seek European support",https://www.aljazeera.com/news/2020/09/fire-destroyed-greek-camp-refugees-seek-european-support-200914080544868.html,"Lesbos, Greece - In the middle of the burned remains that were once the Moria refugee camp lies a notebook left behind by one of the thousands of people who rushed to save their lives when fires tore… [+6021 chars]",2020-09-14T12:00:12Z,-0.4404,0.392,0.189,0.42
refugee,Al Jazeera English,Al Jazeera,"Three dead, 53 rescued after migrant boat sinks off Crete",https://www.aljazeera.com/news/2020/09/dead-53-rescued-migrant-boat-sinks-crete-200914200840466.html,"Three people have died while 53 others were rescued after a boat carrying migrants and refugees sank off the southern Greek island of Crete.
The dead included two children and a woman.
The Greek co… [+1051 chars]",2020-09-14T20:39:17Z,-0.3612,0.285,0.185,0.53
refugee,Al Jazeera English,John Psaropoulos,Rights groups blast Greece for asylum violations,https://www.aljazeera.com/news/2020/9/23/rights-groups-blast-greece-for-asylum-violations,"Athens, Greece Two aid organisations have asked the European Commission to launch infringement proceedings against Greece for violations of Europes asylum law.
Oxfam and WeMove Europe said a Greek a… [+5067 chars]",2020-09-23T20:44:20Z,-0.5267,0.362,0.0,0.638
refugee,Al Jazeera English,Al Jazeera,Rohingya accuse Bangladesh officers of abuse over hunger strike,https://www.aljazeera.com/news/2020/10/8/rohingya-accuse-bangladesh-officers-of-abuse-over-hunger-strike,Rohingya refugees banished to Bhashan Char island off Bangladeshs southwestern coast have alleged they were beaten by the countrys officials for holding a hunger strike to demand better living condit… [+5534 chars],2020-10-08T10:11:38Z,-0.8176,0.655,0.0,0.345
refugee,Al Jazeera English,Al Jazeera,Syria chemical attacks: Case filed in German court names al-Assad,https://www.aljazeera.com/news/2020/10/7/syria-leader-named-in-criminal-complaint-against-chemical-attacks,German authorities have confirmed receiving a criminal complaint submitted by a group of NGOs accusing Syrian President Bashar al-Assads government of using chemical weapons during his countrys long-… [+3057 chars],2020-10-07T16:02:19Z,-0.4404,0.244,0.0,0.756
refugee,Al Jazeera English,Al Jazeera,Algeria expelling thousands of migrants across Niger border: HRW,https://www.aljazeera.com/news/2020/10/9/algeria-abandons-thousands-of-migrants-at-niger-border-report,"Algerian security forces have arrested thousands of migrants and refugees, cramming them onto trucks and buses before expelling them across the border to Niger, Human Rights Watch said.
Since early … [+1460 chars]",2020-10-09T18:14:43Z,-0.3818,0.245,0.0,0.755
refugee,Al Jazeera English,Al Jazeera,Myanmar army probes 'wider patterns' of abuse against Rohingya,https://www.aljazeera.com/news/2020/09/myanmar-army-probes-wider-patterns-abuse-rohingya-200916074855469.html,"The Myanmar military has said it is investigating ""possible wider patterns of violations"" before and during a 2017 crackdown in Rakhine state that the United Nations has said was executed with genoci… [+6521 chars]",2020-09-16T09:07:34Z,-0.6369,0.344,0.0,0.656
refugee,Al Jazeera English,Mia Swart,'There will be blood': Xenophobia in S Africa routine and lethal,https://www.aljazeera.com/news/2020/09/blood-xenophobia-africa-routine-lethal-200915051719107.html,"Sleeping was not an option for Syed in early September last year.
For three days and night, the Bangladeshi shop owner in central Johannesburg said he had to stand guard to protect his store during … [+6963 chars]",2020-09-17T10:44:41Z,0.0,0.0,0.0,1.0
refugee,Al Jazeera English,Al Jazeera,Greece: Police move refugees to new Lesbos camp after Moria fire,https://www.aljazeera.com/news/2020/09/200917085905742.html,"Names marked with an asterisk* have been changed to protect identities.
Police on the Greek island of Lesbos have launched an operation to rehouse thousands of refugees and migrants who have been sl… [+5437 chars]",2020-09-17T09:31:36Z,-0.34,0.194,0.0,0.806
refugee,Al Jazeera English,Al Jazeera,"Integrity of Myanmar polls questioned amid conflict, pandemic",https://www.aljazeera.com/news/2020/9/24/integrity-of-myanmar-polls-questioned-amid-conflict-pandemic,"Tens of thousands of minorities in Myanmar remain without the right to vote, while access to information has been hampered due to internet restrictions and the coronavirus lockdown, rights groups tol… [+3968 chars]",2020-09-24T06:24:21Z,-0.0258,0.327,0.23,0.442
refugee,Al Jazeera English,Samira Shackle,‘Alarming’: Experts slam UK plan for offshore asylum centre,https://www.aljazeera.com/features/2020/10/5/uk-offshore,"London, United Kingdom Ascension Island is an isolated volcanic island that sits in the South Atlantic Ocean, around 2,300km from the coast of Brazil.
Along with Saint Helena and Tristan da Cunha, i… [+5448 chars]",2020-10-05T14:56:09Z,-0.3818,0.245,0.0,0.755
refugee,Al Jazeera English,Al Jazeera,Mexico deploys army on southern border to block migrant caravan,https://www.aljazeera.com/news/2020/10/3/mexico-deploys-army-on-southern-border-to-block-migrant-caravan,"Mexico on Friday ordered the military to deploy along its southern border to block a migrant caravan that President Andres Manuel Lopez Obrador suggested was linked to the United States election.
Th… [+2487 chars]",2020-10-03T08:25:56Z,-0.4404,0.244,0.0,0.756
refugee,Al Jazeera English,Al Jazeera,Refugees in Greece wary of entering new camp after Moria fire,https://www.aljazeera.com/news/2020/09/refugees-greece-wary-entering-camp-moria-fire-200916125349988.html,"Greek authorities were still struggling to move thousands of refugees and migrants sleeping rough into a temporary camp, a week after the overcrowded Moria migrant camp burned down, while fears grew … [+2107 chars]",2020-09-16T13:30:48Z,-0.34,0.194,0.0,0.806
refugee,Al Jazeera English,Al Jazeera,Refugees accuse Greece of pushing them back out to sea,https://www.aljazeera.com/news/2020/9/25/refugees-accuse-greece-of-pushing-them-back-out-to-sea,"Shortly after reaching the Greek island of Lesbos, a group of Afghan refugees and migrants say their hopes for a new life in Europe were cut short when Greek authorities rounded them up, mistreated t… [+7382 chars]",2020-09-25T14:18:10Z,-0.2023,0.167,0.0,0.833
refugee,Al Jazeera English,Hassan Al Kontar,"Jamal Khashoggi, the human",https://www.aljazeera.com/opinions/2020/10/2/jamal-khashoggi-the-human/,"On the anniversary of Jamal Khashoggis murder, many will reminisce again about him as a journalist and a public figure, a dissident and a victim of a ghastly crime. But on the day of his death, I rem… [+6626 chars]",2020-10-02T07:05:00Z,0.0,0.0,0.0,1.0
refugee,Al Jazeera English,Al Jazeera,Abbas: Israel normalisation ‘violation of just and lasting’ peace,https://www.aljazeera.com/news/2020/9/25/abbas-normalisation-deals-violation-of-just-and-lasting-peace,Palestinian Authority President Mahmoud Abbas has criticised the recent decision of two Arab countries to normalise diplomatic relations with Israel as a violation of a just and lasting solution unde… [+2632 chars],2020-09-25T17:11:53Z,0.5423,0.0,0.304,0.696
refugee,Al Jazeera English,Zaheena Rasheed,Global coronavirus cases pass 30 million: Live news,https://www.aljazeera.com/news/2020/09/global-coronavirus-cases-pass-30-million-live-news-200917235058708.html,"<ul><li>Canada could lose its ability to manage the pandemic due to a spike in new COVID-19 cases, the country's top medical officer has said.</li><li>One in seven cases of COVID-19 reported to the W… [+3739 chars]",2020-09-18T01:32:01Z,0.0,0.0,0.0,1.0
refugee,Al Jazeera English,Patrick Strickland,How a Greek reporter could help put neo-Nazis behind bars,https://www.aljazeera.com/features/2020/10/3/how-a-greek-reporter-could-help-put-neo-nazis-behind-bars,"Athens, Greece  When the package arrived at Scholiastiss offices in the Greek capital one morning in early 1988, the magazines editorial staff made up their minds without much hesitation: they would … [+31298 chars]",2020-10-03T10:58:24Z,0.4019,0.0,0.252,0.748
refugee,Al Jazeera English,Gaia Lamperti,The British coastal communities doomed to become climate refugees,https://www.aljazeera.com/features/2020/9/24/the-british-coastal-communities-doomed-to-become-climate-refugees,"Two years ago, Nicola Bayless was taking her evening walk in Happisburgh, a tiny village on the eastern coast of England, when a big chunk of the cliff fell down.
It sounded like thunder. Like a cli… [+8240 chars]",2020-09-24T06:54:54Z,-0.6369,0.344,0.0,0.656
refugee,Al Jazeera English,"Azeezah Kanji, Dania Majid, David Palumbo-Liu",Repression of speech and scholarship on Palestine needs to end,https://www.aljazeera.com/opinions/2020/10/1/repression-of-speech-and-scholarship-on-palestine-needs-to-end/,"As lawyers and academics, we are deeply troubled and exasperated by the pervasive repression of speech and scholarship on Palestine. This includes recent reports that the University of Torontos Facul… [+5350 chars]",2020-10-01T10:13:22Z,-0.3818,0.224,0.0,0.776
refugee,Al Jazeera English,Katy Fallon,Greek court to decide fate of fascist Golden Dawn group,https://www.aljazeera.com/news/2020/10/7/greek-court-to-decide-fate-of-fascist-golden-dawn-group,"Athens, Greece  A five-and-a-half-year trial of the far-right Golden Dawn group draws to a close on Wednesday, with a panel of three judges at the court of appeals in Athens preparing to issue its ve… [+3881 chars]",2020-10-07T05:57:47Z,-0.5574,0.286,0.0,0.714
refugee,Al Jazeera English,Virginia Pietromarchi,"Italy’s Salvini goes on trial, accused of ‘kidnapping’ refugees",https://www.aljazeera.com/news/2020/10/3/hold-for-anealla-salvini-trial-to-begin,"Rome, Italy Matteo Salvini appears in court on Saturday on charges of kidnapping more than a hundred migrants, in an event that the Italian far-right leader has attempted to use to boost his dwindlin… [+3896 chars]",2020-10-03T06:23:26Z,-0.296,0.216,0.0,0.784
refugee,Al Jazeera English,Sofia Barbarani,"After Moria fire, refugees decry conditions in new camp on Lesbos",https://www.aljazeera.com/news/2020/09/moria-fire-refugees-decry-conditions-camp-lesbos-200918125444995.html,"Refugees and migrants on the Greek island of Lesbos, having escaped the fire that engulfed Moria, have told Al Jazeera that living conditions inside a new camp are squalid and uninhabitable, just one… [+4037 chars]",2020-09-18T13:46:34Z,-0.34,0.194,0.0,0.806
refugee,Al Jazeera English,Moira Lavelle,"After Moria fire, 'I don't have hope for myself or my baby'",https://www.aljazeera.com/news/2020/09/moria-fire-don-hope-baby-200915075948174.html,"Lesbos, Greece - Homaira Sakha was in her container when she first saw the fire in an adjacent forest. The inferno that reduced Moria to embers started small at about 12:30am on Wednesday, but quickl… [+4118 chars]",2020-09-15T09:40:31Z,-0.5867,0.325,0.0,0.675
refugee,Al Jazeera English,Andreas Bummel,Humanity needs democratic representation,https://www.aljazeera.com/indepth/opinion/humanity-democratic-representation-200913092549446.html,"It is a paradox: The world and its people have never been so closely interwoven than today, yet there are more fences and walls separating them than ever before.
Many governments seem to resist the … [+6317 chars]",2020-09-14T17:51:21Z,0.0,0.0,0.0,1.0
refugee,Al Jazeera English,Michael Colborne,Far-right combat sports: A dangerous training ground for violence,https://www.aljazeera.com/features/2020/10/9/far-right-combat-sports-a-dangerous-training-ground-for-violence,"Europes largest far-right combat sports event will be held online this year because of the coronavirus pandemic.
Kampf der Nibelungen or Battle of the Nibelungs, a reference to old Germanic and Nors… [+6193 chars]",2020-10-09T08:46:17Z,-0.8625,0.658,0.0,0.342
refugee,Al Jazeera English,Marianna Karakoulaki,The Greek anti-fascist struggle is far from over,https://www.aljazeera.com/opinions/2020/10/10/the-greek-anti-fascist-struggle-is-far-from-over/,"Golden Dawn is a criminal organisation, declared an announcer from the top of the Court of Appeals in Athens on Wednesday, making public the landmark verdict in the biggest trial of self-professed fa… [+7093 chars]",2020-10-10T08:13:39Z,-0.3182,0.247,0.0,0.753
refugee,Al Jazeera English,Michael Wilson-Becerril,Why environmental justice is an anti-colonial struggle,https://www.aljazeera.com/indepth/opinion/environmental-justice-anti-colonial-struggle-200919152620559.html,"In the mesmerising context of a global pandemic, a Black-led mass uprising against systemic racism, a ""heated"" election in the United States, and an ever-heating planet, it is increasingly clear that… [+8474 chars]",2020-09-22T07:12:04Z,0.2732,0.215,0.318,0.467
refugee,Al Jazeera English,Mersiha Gadzo,Canada: Murder raises fresh concerns about far-right violence,https://www.aljazeera.com/news/2020/10/3/what-is-being-done-about-the-far-right-canadas-biggest-threat,"Toronto, Canada Mohamed-Aslim Zafis was sitting outside a mosque in Torontos west end last month when a man approached him and stabbed him in the neck with a knife.
The brazen killing, which police … [+7845 chars]",2020-10-03T14:11:20Z,-0.8176,0.547,0.143,0.311
refugee,Al Jazeera English,Al Jazeera,Science vs humanities in Australia’s university fee shake-up,https://www.aljazeera.com/news/2020/10/9/science-vs-humanities-in-australia-university-fee-shake-up,"Canberra, Australia University students enrolling in degrees in the humanities, law and economics in Australia will see their course fees more than double next year under legislation that has just pa… [+7847 chars]",2020-10-09T01:44:29Z,0.0,0.0,0.0,1.0
refugee,Al Jazeera English,Mark Muhannad Ayyash,Fighting for Palestine,https://www.aljazeera.com/opinions/2020/10/10/fighting-for-palestine-2/,"In the last few years, Israel has further cemented its grip on Palestine. The list of Palestinian losses is depressing: the marked movement towards international recognition of Jerusalem as the undiv… [+9795 chars]",2020-10-10T10:51:21Z,-0.3612,0.556,0.0,0.444
refugee,Al Jazeera English,Per Christian Selmer-Anderssen,A European odyssey: A portrait of Europe during the pandemic,https://www.aljazeera.com/features/2020/9/28/a-european-odyssey-a-portrait-of-europe-during-the-pandemic,"The main road leading to the Sicilian town of Cassibile is flanked by derelict houses. In days gone by, these stood as elegant mansions with arched entrances and large windows, but during the second … [+28993 chars]",2020-09-28T07:51:05Z,0.0,0.0,0.0,1.0
refugee,Al Jazeera English,Creede Newton,Advocates condemn Trump's 'tragically low' planned US refugee cap,https://www.aljazeera.com/news/2020/10/2/refugee-advocates-decry-trumps-tragically-low-refugee-target,"Refugee advocacy organisations have condemned the Trump administrations proposed drastic limits on refugee resettlement quotas, saying the move is an attack on legal migration, one of the founding te… [+3388 chars]",2020-10-02T01:08:37Z,-0.8126,0.583,0.0,0.417
refugee,Al Jazeera English,Al Jazeera,Greece reports first COVID-19 refugee death since pandemic began,https://www.aljazeera.com/news/2020/9/28/greece-reports-first-covid-19-refugee-death-since-pandemic-began,"A 61-year-old man from Afghanistan died of COVID-19 on Sunday, the first reported death of a refugee from the disease in Greece since the pandemic began there in late February, a government official … [+1229 chars]",2020-09-28T00:39:30Z,-0.5994,0.328,0.0,0.672
refugee,Al Jazeera English,"Steve Chaggaris, William Roberts",Trump sets refugee cap at record low: US election live updates,https://www.aljazeera.com/news/2020/10/1/us-election-live-updates-trump-sets-refugee-cap-at-record-low,"<ul><li>Trump and Biden are fundraising and off the campaign trail today.</li><li>Mike Pence campaigns in the battleground state of Iowa.</li><li>Trumps Supreme Court pick, Amy Coney Barrett, continu… [+2329 chars]",2020-10-01T15:10:22Z,-0.2732,0.174,0.0,0.826
refugee,CNN,"Review by Brian Lowry, CNN",'The Devil All the Time' strands its super-star cast in a grim Netflix thriller,https://www.cnn.com/2020/09/16/entertainment/the-devil-all-the-time-review/index.html,"(CNN)The casting alone should spur interest in ""The Devil All the Time"" -- Batman (Robert Pattinson) and Spider-Man (Tom Holland), together at last -- but can't make the movie feel like less of a slo… [+2847 chars]",2020-09-16T19:08:46Z,-0.8271,0.415,0.072,0.513
refugee,CNN,Opinion by David Miliband,Trump's refugee cap puts US credibility and security at risk,https://www.cnn.com/2020/10/05/opinions/trump-refugee-cap-us-credibility-miliband/index.html,"David Miliband is president and CEO of the International Rescue Committee, a humanitarian relief organization. He is a former Foreign Secretary of the United Kingdom. The opinions expressed here are … [+4565 chars]",2020-10-05T04:20:23Z,0.0772,0.168,0.192,0.64
refugee,CNN,,Exhibition offers 'time machine' look at refugees' living conditions,https://www.cnn.com/videos/world/2020/09/24/imperial-war-museum-moria-exhibition-phil-black-pkg-intl-ldn-vpx.cnn,Chat with us in Facebook Messenger. Find out what's happening in the world as it unfolds.,2020-09-24T10:21:24Z,0.0,0.0,0.0,1.0
refugee,CNN,"Ryan Bergeron, CNN",How this man is using video games to help refugees,https://www.cnn.com/2020/10/01/us/cfc-lual-mayen-refugee-creates-video-game-to-help-those-in-need/index.html,"(CNN)Lual Mayen's home work station is something akin to what you might see in a TV control room or a NASA command center. Surrounded by computer monitors, laptops and tablets, Mayen is putting the f… [+5956 chars]",2020-10-01T19:25:38Z,0.4019,0.0,0.231,0.769
refugee,CNN,"Priscilla Alvarez, CNN",Trump administration has still not said how many refugees may be admitted to US next year,https://www.cnn.com/2020/09/28/politics/trump-refugees/index.html,"(CNN)The Trump administration hasn't announced how many refugees could be admitted to the United States in the upcoming fiscal year, which begins this week, signaling yet another delay and likely lea… [+4261 chars]",2020-09-28T20:52:31Z,0.1027,0.0,0.085,0.915
refugee,CNN,"Chiamaka Ofulue, CNN",Remembering a refugee who founded a center for those forced to flee like him,https://www.cnn.com/2020/10/05/us/haitian-activist-dies-covid-19-trnd/index.html,,2020-10-05T20:27:32Z,-0.128,0.194,0.161,0.645
refugee,CNN,"Jennifer Hansler and Priscilla Alvarez, CNN","Trump administration sets refugee cap at 15,000, a new historic low",https://www.cnn.com/2020/10/01/politics/us-refugee-cap-fy21/index.html,"Washington (CNN)The Trump administration has informed Congress it intends to accept only 15,000 refugees this fiscal year, a new historic low for the US.
Since coming into office in 2017, the Trump … [+2789 chars]",2020-10-01T12:33:19Z,-0.2732,0.189,0.0,0.811
refugee,CNN,"Nadine Schmidt, CNN","Germany to take in 1,500 migrants from Greece, after huge fire left thousands homeless",https://www.cnn.com/2020/09/16/europe/greece-germany-migrant-lesbos-intl/index.html,"(CNN)Germany will take more than 1,500 migrants currently sheltering on Greek islands, Chancellor Angela Merkel's spokesperson Steffen Seibert announced Tuesday.
A statement from Seibert says that 1… [+653 chars]",2020-09-16T09:58:03Z,-0.0258,0.144,0.138,0.719
refugee,CNN,"Tamara Qiblawi, CNN",Nigerian migrant worker burned alive in Libya,https://www.cnn.com/2020/10/08/middleeast/nigerian-worker-libya-burned-intl/index.html,"(CNN)Three men stormed a factory in Tripoli, doused a Nigerian worker in petrol, and set him on fire, according to a statement by the Libyan interior ministry, in a new reported attack on migrants in… [+2254 chars]",2020-10-08T09:35:24Z,0.3818,0.0,0.302,0.698
refugee,CNN,"Amy Woodyatt, CNN",Australian Prime Minister Scott Morrison's car vandalized by protesters,https://www.cnn.com/2020/10/12/australia/scott-morrison-protest-intl-scli/index.html,"(CNN)Australian Prime Minister Scott Morrison was targeted with tomatoes and fake blood, and his car was vandalized by protesters during a visit to the University of Queensland on Monday, CNN affilia… [+2551 chars]",2020-10-12T11:06:18Z,-0.2263,0.192,0.0,0.808
refugee,CNN,"Tara John, CNN","Half a million more girls are at risk of child marriage in 2020 because of Covid-19, charity warns",https://www.cnn.com/2020/10/01/world/covid-girls-child-marriage-intl/index.html,"London (CNN)The pandemic has put 500,000 more girls at risk of being forced into child marriage this year, reversing 25 years of progress that saw child marriage rates decline, according to a new rep… [+1908 chars]",2020-10-01T12:59:25Z,0.0772,0.172,0.138,0.69
refugee,CNN,Opinion by Lena Headey,Greece cannot shelter refugees alone. Europe must help,https://www.cnn.com/2020/09/24/europe/lena-headey-moria-opinion-intl/index.html,"CNN has partnered with the Imperial War Museum in London on ""Life in a Camp,"" a special installation about the Moria refugee camp in Lesbos, Greece. Actor Lena Headey, who has visited Moria, has writ… [+3527 chars]",2020-09-24T08:44:10Z,0.533,0.0,0.425,0.575
refugee,CNN,"AJ Willingham, CNN","5 things to know for September 29: Covid-19, debate, stimulus, Breonna Taylor, fires",https://www.cnn.com/2020/09/29/us/five-things-september-29-trnd/index.html,"(CNN)Good morning. Relax your shoulders. Unclench your jaw. There, that's better. Doctors are seeing more cracked teeth, and they say it's due to pandemic stress. Let's keep those chompers healthy, s… [+5828 chars]",2020-09-29T10:13:33Z,0.0,0.0,0.0,1.0
refugee,CNN,"Allison Gordon, CNN",Feed the Polls organizing thousands of meals for 2020 voters in food-insecure areas,https://www.cnn.com/2020/10/06/politics/feed-the-polls-food-insecurity-voting/index.html,"(CNN)For voters worried about their next meal, taking the time to stand in line for hours is a nearly impossible ask. 
While many Americans are opting to mail in or drop off their ballots this year,… [+2331 chars]",2020-10-06T20:35:03Z,0.0,0.0,0.0,1.0
refugee,CNN,"Gul Tuysuz, Jomana Karadsheh and Brice Laine, CNN","Masked men, assault and abandonment",https://www.cnn.com/2020/09/17/europe/greece-migrants-turkey-intl/index.html,"By Gul Tuysuz, Jomana Karadsheh and Brice Laine, CNN
Updated 5:31 AM ET, Thu September 17, 2020
Chat with us in Facebook Messenger. Find out what's happening in the world as it unfolds.
North Aege… [+8598 chars]",2020-09-17T09:31:37Z,-0.802,0.706,0.0,0.294
refugee,CNN,"Maegan Vazquez, CNN",White House shows no signs of backing down from Trump's refusal to condemn White supremacy,https://www.cnn.com/2020/10/01/politics/donald-trump-white-house-white-supremacy-proud-boys/index.html,"Washington (CNN)The White House is showing no signs of backing down from President Donald Trump'srefusal to condemn White supremacy during Tuesday night's presidential debate, despite pleas from some… [+3860 chars]",2020-10-01T18:39:07Z,-0.5423,0.265,0.127,0.608
refugee,CNN,Opinion by Lena Headey,Greece cannot shelter refugees alone. Europe must help,https://www.cnn.com/2020/09/24/europe/lena-headey-moria-opinion-intl/index.html,"CNN has partnered with the Imperial War Museum in London on ""Life in a Camp,"" a special installation about the Moria refugee camp in Lesbos, Greece. Actor Lena Headey, who has visited Moria, has writ… [+3527 chars]",2020-09-24T08:44:10Z,0.533,0.0,0.425,0.575
refugee,CNN,"Aisha Salaudeen, CNN","These Africans are among the world's 100 most influential people, according to Time magazine",https://www.cnn.com/2020/09/23/africa/2020-time-100-africans/index.html,"Lagos, Nigeria (CNN)Nigerian entrepreneur and philanthropist Tony Elumelu, Gambian prosecutor-turned-politician Abubacarr Tambadou and Congolese microbiologist Jean-Jacques Muyembe Tamfum are all on … [+4949 chars]",2020-09-23T17:47:41Z,0.4927,0.0,0.197,0.803
refugee,CNN,Opinion by Tess Taylor,We fled the smoke out West and just kept going,https://www.cnn.com/2020/09/18/opinions/california-fires-fleeing-climate-change-taylor/index.html,"Tess Taylor is the author of the poetry collections ""Work &amp; Days,"" ""The Forage House"" and most recently, ""Rift Zone"" and ""Last West: Roadsongs for Dorothea Lange."" Views expressed in this comment… [+6908 chars]",2020-09-18T10:15:33Z,0.0,0.0,0.0,1.0
refugee,CNN,"Eliza Mackintosh, CNN","What you need to know about coronavirus on Wednesday, September 30",https://www.cnn.com/2020/09/30/world/coronavirus-newsletter-09-30-20-intl/index.html,"A version of this story appeared in the September 30 edition of CNN's Coronavirus: Fact vs. Fiction newsletter. Sign up here to receive the need-to-know headlines every weekday.
 (CNN)President Dona… [+7469 chars]",2020-09-30T11:44:51Z,0.0,0.0,0.0,1.0
refugee,CNN,"Marianna Cerini, CNN",Voices for Change: The people working to make the fashion industry more accountable,https://www.cnn.com/style/article/voices-for-change-profiles-sept/index.html,"fashionPublished 16th September 2020
As part of The September Issues, our special hub dedicated to facts, features and opinions about the fashion industry and the climate crisis, we've rounded up so… [+20942 chars]",2020-09-16T12:07:07Z,0.0,0.0,0.0,1.0
refugee,CNN,Opinion by Lena Headey,Greece cannot shelter refugees alone. Europe must help,https://www.cnn.com/2020/09/24/europe/lena-headey-moria-opinion-intl/index.html,"CNN has partnered with the Imperial War Museum in London on ""Life in a Camp,"" a special installation about the Moria refugee camp in Lesbos, Greece. Actor Lena Headey, who has visited Moria, has writ… [+3527 chars]",2020-09-24T08:44:10Z,0.533,0.0,0.425,0.575
refugee,CNN,"Mayra Cuevas, CNN",Architect's innovative shipping container homes could help solve Puerto Rico's housing crisis,https://www.cnn.com/2020/09/14/us/carla-gautier-castro-puerto-rico-shipping-container-housing-cfc/index.html,"(CNN)Puerto Rican architect Carla Gautier Castro stands overlooking the remains of a home after a string of earthquakes hammered the town of Yauco, on the southwest of the island. 
It's a painful sc… [+6046 chars]",2020-09-14T13:56:11Z,0.3182,0.21,0.379,0.41
